,site,name,use,current_price,current_discount,review,opinions,image
0,freshly,Golden Radiance Body Oil,"Aceite corporal 100% natural nutre, reafirma y trata estrías","26,00 €",,4.8,7814 opiniones,"[[[255 255 255]
  [255 255 255]
  [255 255 255]
  ...
  [255 255 255]
  [255 255 255]
  [255 255 255]]

 [[255 255 255]
  [255 255 255]
  [255 255 255]
  ...
  [255 255 255]
  [255 255 255]
  [255 255 255]]

 [[255 255 255]
  [255 255 255]
  [255 255 255]
  ...
  [255 255 255]
  [255 255 255]
  [255 255 255]]

 ...

 [[255 255 255]
  [255 255 255]
  [255 255 255]
  ...
  [255 255 255]
  [255 255 255]
  [255 255 255]]

 [[255 255 255]
  [255 255 255]
  [255 255 255]
  ...
  [255 255 255]
  [255 255 255]
  [255 255 255]]

 [[255 255 255]
  [255 255 255]
  [255 255 255]
  ...
  [255 255 255]
  [255 255 255]
  [255 255 255]]]"
1,freshly,Glow Edition Body Oil,Iluminador corporal natural con destellos dorados,"29,00 €",,4.5,1405 opiniones,"[[[255 255 255]
  [255 255 255]
  [255 255 255]
  ...
  [255 255 255]
  [255 255 255]
  [255 255 255]]

 [[255 255 255]
  [255 255 255]
  [255 255 255]
  ...
  [255 255 255]
  [255 255 255]
  [255 255 255]]

 [[255 255 255]
  [255 255 255]
  [255 255 255]
  ...
  [255 255 255]
  [255 255 255]
  [255 255 255]]

 ...

 [[255 255 255]
  [255 255 255]
  [255 255 255]
  ...
  [255 255 255]
  [255 255 255]
  [255 255 255]]

 [[255 255 255]
  [255 255 255]
  [255 255 255]
  ...
  [255 255 255]
  [255 255 255]
  [255 255 255]]

 [[255 255 255]
  [255 255 255]
  [255 255 255]
  ...
  [255 255 255]
  [255 255 255]
  [255 255 255]]]"
2,freshly,Azelaic Radiance Face Treatment,"Tratamiento facial imperfecciones, acné y piel reactiva","35,00 €",,4.6,3559 opiniones,"[[[255 255 255]
  [255 255 255]
  [255 255 255]
  ...
  [255 255 255]
  [255 255 255]
  [255 255 255]]

 [[255 255 255]
  [255 255 255]
  [255 255 255]
  ...
  [255 255 255]
  [255 255 255]
  [255 255 255]]

 [[255 255 255]
  [255 255 255]
  [255 255 255]
  ...
  [255 255 255]
  [255 255 255]
  [255 255 255]]

 ...

 [[255 255 255]
  [255 255 255]
  [255 255 255]
  ...
  [255 255 255]
  [255 255 255]
  [255 255 255]]

 [[255 255 255]
  [255 255 255]
  [255 255 255]
  ...
  [255 255 255]
  [255 255 255]
  [255 255 255]]

 [[255 255 255]
  [255 255 255]
  [255 255 255]
  ...
  [255 255 255]
  [255 255 255]
  [255 255 255]]]"
3,freshly,Bronzing Radiance Self-Tanning Cream,"Crema autobronceadora, potenciadora del bronceado","29,00 €",,4,1712 opiniones,"[[[255 255 255]
  [255 255 255]
  [255 255 255]
  ...
  [255 255 255]
  [255 255 255]
  [255 255 255]]

 [[255 255 255]
  [255 255 255]
  [255 255 255]
  ...
  [255 255 255]
  [255 255 255]
  [255 255 255]]

 [[255 255 255]
  [255 255 255]
  [255 255 255]
  ...
  [255 255 255]
  [255 255 255]
  [255 255 255]]

 ...

 [[255 255 255]
  [255 255 255]
  [255 255 255]
  ...
  [255 255 255]
  [255 255 255]
  [255 255 255]]

 [[255 255 255]
  [255 255 255]
  [255 255 255]
  ...
  [255 255 255]
  [255 255 255]
  [255 255 255]]

 [[255 255 255]
  [255 255 255]
  [255 255 255]
  ...
  [255 255 255]
  [255 255 255]
  [255 255 255]]]"
4,freshly,Hair Growth & Density Treatment,Sérum de crecimiento capilar,"29,00 €",,3.9,619 opiniones,"[[[255 255 255]
  [255 255 255]
  [255 255 255]
  ...
  [255 255 255]
  [255 255 255]
  [255 255 255]]

 [[255 255 255]
  [255 255 255]
  [255 255 255]
  ...
  [255 255 255]
  [255 255 255]
  [255 255 255]]

 [[255 255 255]
  [255 255 255]
  [255 255 255]
  ...
  [255 255 255]
  [255 255 255]
  [255 255 255]]

 ...

 [[255 255 255]
  [255 255 255]
  [255 255 255]
  ...
  [255 255 255]
  [255 255 255]
  [255 255 255]]

 [[255 255 255]
  [255 255 255]
  [255 255 255]
  ...
  [255 255 255]
  [255 255 255]
  [255 255 255]]

 [[255 255 255]
  [255 255 255]
  [255 255 255]
  ...
  [255 255 255]
  [255 255 255]
  [255 255 255]]]"
5,freshly,Hair Radiance Keratin Spray,"Spray capilar protector y reparador para un cabello sano, brillante y sedoso","16,00 €",,4.2,2802 opiniones,"[[[255 255 255]
  [255 255 255]
  [255 255 255]
  ...
  [255 255 255]
  [255 255 255]
  [255 255 255]]

 [[255 255 255]
  [255 255 255]
  [255 255 255]
  ...
  [255 255 255]
  [255 255 255]
  [255 255 255]]

 [[255 255 255]
  [255 255 255]
  [255 255 255]
  ...
  [255 255 255]
  [255 255 255]
  [255 255 255]]

 ...

 [[255 255 255]
  [255 255 255]
  [255 255 255]
  ...
  [255 255 255]
  [255 255 255]
  [255 255 255]]

 [[255 255 255]
  [255 255 255]
  [255 255 255]
  ...
  [255 255 255]
  [255 255 255]
  [255 255 255]]

 [[255 255 255]
  [255 255 255]
  [255 255 255]
  ...
  [255 255 255]
  [255 255 255]
  [255 255 255]]]"
6,freshly,Rose Quartz Facial Cleanser,"Gel limpiador facial 99,9% natural","18,00 €",,4.8,5005 opiniones,"[[[255 255 255]
  [255 255 255]
  [255 255 255]
  ...
  [255 255 255]
  [255 255 255]
  [255 255 255]]

 [[255 255 255]
  [255 255 255]
  [255 255 255]
  ...
  [255 255 255]
  [255 255 255]
  [255 255 255]]

 [[255 255 255]
  [255 255 255]
  [255 255 255]
  ...
  [255 255 255]
  [255 255 255]
  [255 255 255]]

 ...

 [[255 255 255]
  [255 255 255]
  [255 255 255]
  ...
  [255 255 255]
  [255 255 255]
  [255 255 255]]

 [[255 255 255]
  [255 255 255]
  [255 255 255]
  ...
  [255 255 255]
  [255 255 255]
  [255 255 255]]

 [[255 255 255]
  [255 255 255]
  [255 255 255]
  ...
  [255 255 255]
  [255 255 255]
  [255 255 255]]]"
7,freshly,Phoenix Aura Well-Ageing Serum,no_use,"39,00 €",,4.5,229 opiniones,"[[[255 255 255]
  [255 255 255]
  [255 255 255]
  ...
  [255 255 255]
  [255 255 255]
  [255 255 255]]

 [[255 255 255]
  [255 255 255]
  [255 255 255]
  ...
  [255 255 255]
  [255 255 255]
  [255 255 255]]

 [[255 255 255]
  [255 255 255]
  [255 255 255]
  ...
  [255 255 255]
  [255 255 255]
  [255 255 255]]

 ...

 [[255 255 255]
  [255 255 255]
  [255 255 255]
  ...
  [255 255 255]
  [255 255 255]
  [255 255 255]]

 [[255 255 255]
  [255 255 255]
  [255 255 255]
  ...
  [255 255 255]
  [255 255 255]
  [255 255 255]]

 [[255 255 255]
  [255 255 255]
  [255 255 255]
  ...
  [255 255 255]
  [255 255 255]
  [255 255 255]]]"
8,freshly,Hyaluronic Energy Body Serum,"Sérum corporal piernas cansadas, retención líquidos y varices","26,00 €",,4.6,2531 opiniones,"[[[255 255 255]
  [255 255 255]
  [255 255 255]
  ...
  [255 255 255]
  [255 255 255]
  [255 255 255]]

 [[255 255 255]
  [255 255 255]
  [255 255 255]
  ...
  [255 255 255]
  [255 255 255]
  [255 255 255]]

 [[255 255 255]
  [255 255 255]
  [255 255 255]
  ...
  [255 255 255]
  [255 255 255]
  [255 255 255]]

 ...

 [[255 255 255]
  [255 255 255]
  [255 255 255]
  ...
  [255 255 255]
  [255 255 255]
  [255 255 255]]

 [[255 255 255]
  [255 255 255]
  [255 255 255]
  ...
  [255 255 255]
  [255 255 255]
  [255 255 255]]

 [[255 255 255]
  [255 255 255]
  [255 255 255]
  ...
  [255 255 255]
  [255 255 255]
  [255 255 255]]]"
9,freshly,Hyper-Concentrate Eye Contour Serum,Sérum tratamiento contorno de ojos,"35,00 €",,4.5,2367 opiniones,"[[[255 255 255]
  [255 255 255]
  [255 255 255]
  ...
  [255 255 255]
  [255 255 255]
  [255 255 255]]

 [[255 255 255]
  [255 255 255]
  [255 255 255]
  ...
  [255 255 255]
  [255 255 255]
  [255 255 255]]

 [[255 255 255]
  [255 255 255]
  [255 255 255]
  ...
  [255 255 255]
  [255 255 255]
  [255 255 255]]

 ...

 [[255 255 255]
  [255 255 255]
  [255 255 255]
  ...
  [255 255 255]
  [255 255 255]
  [255 255 255]]

 [[255 255 255]
  [255 255 255]
  [255 255 255]
  ...
  [255 255 255]
  [255 255 255]
  [255 255 255]]

 [[255 255 255]
  [255 255 255]
  [255 255 255]
  ...
  [255 255 255]
  [255 255 255]
  [255 255 255]]]"
10,freshly,Blue Radiance Enzymatic Serum,"Sérum facial exfoliante noche, elimina pieles muertas","35,00 €",,4.6,5081 opiniones,"[[[255 255 255]
  [255 255 255]
  [255 255 255]
  ...
  [255 255 255]
  [255 255 255]
  [255 255 255]]

 [[255 255 255]
  [255 255 255]
  [255 255 255]
  ...
  [255 255 255]
  [255 255 255]
  [255 255 255]]

 [[255 255 255]
  [255 255 255]
  [255 255 255]
  ...
  [255 255 255]
  [255 255 255]
  [255 255 255]]

 ...

 [[255 255 255]
  [255 255 255]
  [255 255 255]
  ...
  [255 255 255]
  [255 255 255]
  [255 255 255]]

 [[255 255 255]
  [255 255 255]
  [255 255 255]
  ...
  [255 255 255]
  [255 255 255]
  [255 255 255]]

 [[255 255 255]
  [255 255 255]
  [255 255 255]
  ...
  [255 255 255]
  [255 255 255]
  [255 255 255]]]"
11,freshly,Bye Bye Acne Pack,Pack para piel con acné y granitos,"79,00 €",,4.6,184 opiniones,"[[[255 255 255]
  [255 255 255]
  [255 255 255]
  ...
  [255 255 255]
  [255 255 255]
  [255 255 255]]

 [[255 255 255]
  [255 255 255]
  [255 255 255]
  ...
  [255 255 255]
  [255 255 255]
  [255 255 255]]

 [[255 255 255]
  [255 255 255]
  [255 255 255]
  ...
  [255 255 255]
  [255 255 255]
  [255 255 255]]

 ...

 [[255 255 255]
  [255 255 255]
  [255 255 255]
  ...
  [255 255 255]
  [255 255 255]
  [255 255 255]]

 [[255 255 255]
  [255 255 255]
  [255 255 255]
  ...
  [255 255 255]
  [255 255 255]
  [255 255 255]]

 [[255 255 255]
  [255 255 255]
  [255 255 255]
  ...
  [255 255 255]
  [255 255 255]
  [255 255 255]]]"
12,freshly,Green Vitamin Concentrate Serum,"Sérum de vitamina C, manchas solares y antioxidante","35,00 €",,4.6,1347 opiniones,"[[[255 255 255]
  [255 255 255]
  [255 255 255]
  ...
  [255 255 255]
  [255 255 255]
  [255 255 255]]

 [[255 255 255]
  [255 255 255]
  [255 255 255]
  ...
  [255 255 255]
  [255 255 255]
  [255 255 255]]

 [[255 255 255]
  [255 255 255]
  [255 255 255]
  ...
  [255 255 255]
  [255 255 255]
  [255 255 255]]

 ...

 [[255 255 255]
  [255 255 255]
  [255 255 255]
  ...
  [255 255 255]
  [255 255 255]
  [255 255 255]]

 [[255 255 255]
  [255 255 255]
  [255 255 255]
  ...
  [255 255 255]
  [255 255 255]
  [255 255 255]]

 [[255 255 255]
  [255 255 255]
  [255 255 255]
  ...
  [255 255 255]
  [255 255 255]
  [255 255 255]]]"
13,freshly,Omega Rich Well-Ageing Cream,"Crema de noche, trata los signos envejecimiento","39,00 €",,4.4,372 opiniones,"[[[255 255 255]
  [255 255 255]
  [255 255 255]
  ...
  [255 255 255]
  [255 255 255]
  [255 255 255]]

 [[255 255 255]
  [255 255 255]
  [255 255 255]
  ...
  [255 255 255]
  [255 255 255]
  [255 255 255]]

 [[255 255 255]
  [255 255 255]
  [255 255 255]
  ...
  [255 255 255]
  [255 255 255]
  [255 255 255]]

 ...

 [[255 255 255]
  [255 255 255]
  [255 255 255]
  ...
  [255 255 255]
  [255 255 255]
  [255 255 255]]

 [[255 255 255]
  [255 255 255]
  [255 255 255]
  ...
  [255 255 255]
  [255 255 255]
  [255 255 255]]

 [[255 255 255]
  [255 255 255]
  [255 255 255]
  ...
  [255 255 255]
  [255 255 255]
  [255 255 255]]]"
14,freshly,Well-Ageing Treatment Capsules Pack,Pack para frenar y revertir envejecimiento facial,"69,00 €",,4.7,114 opiniones,"[[[255 255 255]
  [255 255 255]
  [255 255 255]
  ...
  [255 255 255]
  [255 255 255]
  [255 255 255]]

 [[255 255 255]
  [255 255 255]
  [255 255 255]
  ...
  [255 255 255]
  [255 255 255]
  [255 255 255]]

 [[255 255 255]
  [255 255 255]
  [255 255 255]
  ...
  [255 255 255]
  [255 255 255]
  [255 255 255]]

 ...

 [[255 255 255]
  [255 255 255]
  [255 255 255]
  ...
  [255 255 255]
  [255 255 255]
  [255 255 255]]

 [[255 255 255]
  [255 255 255]
  [255 255 255]
  ...
  [255 255 255]
  [255 255 255]
  [255 255 255]]

 [[255 255 255]
  [255 255 255]
  [255 255 255]
  ...
  [255 255 255]
  [255 255 255]
  [255 255 255]]]"
15,freshly,Pro-Repair Jojoba Hand Treatment,Crema de manos y uñas natural,"9,00 €",,4.5,739 opiniones,"[[[255 255 255]
  [255 255 255]
  [255 255 255]
  ...
  [255 255 255]
  [255 255 255]
  [255 255 255]]

 [[255 255 255]
  [255 255 255]
  [255 255 255]
  ...
  [255 255 255]
  [255 255 255]
  [255 255 255]]

 [[255 255 255]
  [255 255 255]
  [255 255 255]
  ...
  [255 255 255]
  [255 255 255]
  [255 255 255]]

 ...

 [[255 255 255]
  [255 255 255]
  [255 255 255]
  ...
  [255 255 255]
  [255 255 255]
  [255 255 255]]

 [[255 255 255]
  [255 255 255]
  [255 255 255]
  ...
  [255 255 255]
  [255 255 255]
  [255 255 255]]

 [[255 255 255]
  [255 255 255]
  [255 255 255]
  ...
  [255 255 255]
  [255 255 255]
  [255 255 255]]]"
16,freshly,Bloom Orchid Face Cream,Crema hidratante facial de día,"29,00 €",,4.6,2170 opiniones,"[[[255 255 255]
  [255 255 255]
  [255 255 255]
  ...
  [255 255 255]
  [255 255 255]
  [255 255 255]]

 [[255 255 255]
  [255 255 255]
  [255 255 255]
  ...
  [255 255 255]
  [255 255 255]
  [255 255 255]]

 [[255 255 255]
  [255 255 255]
  [255 255 255]
  ...
  [255 255 255]
  [255 255 255]
  [255 255 255]]

 ...

 [[255 255 255]
  [255 255 255]
  [255 255 255]
  ...
  [255 255 255]
  [255 255 255]
  [255 255 255]]

 [[255 255 255]
  [255 255 255]
  [255 255 255]
  ...
  [255 255 255]
  [255 255 255]
  [255 255 255]]

 [[255 255 255]
  [255 255 255]
  [255 255 255]
  ...
  [255 255 255]
  [255 255 255]
  [255 255 255]]]"
17,freshly,Perfect Volumising Eyebrow Gel,Gel fijador de cejas voluminizador,"15,00 €",,4.6,448 opiniones,"[[[255 255 255]
  [255 255 255]
  [255 255 255]
  ...
  [255 255 255]
  [255 255 255]
  [255 255 255]]

 [[255 255 255]
  [255 255 255]
  [255 255 255]
  ...
  [255 255 255]
  [255 255 255]
  [255 255 255]]

 [[255 255 255]
  [255 255 255]
  [255 255 255]
  ...
  [255 255 255]
  [255 255 255]
  [255 255 255]]

 ...

 [[255 255 255]
  [255 255 255]
  [255 255 255]
  ...
  [255 255 255]
  [255 255 255]
  [255 255 255]]

 [[255 255 255]
  [255 255 255]
  [255 255 255]
  ...
  [255 255 255]
  [255 255 255]
  [255 255 255]]

 [[255 255 255]
  [255 255 255]
  [255 255 255]
  ...
  [255 255 255]
  [255 255 255]
  [255 255 255]]]"
18,freshly,Vibrant Refreshing Shampoo,Champú sin sulfatos ni siliconas para todo tipo de cabellos,"12,00 €",,4.3,2478 opiniones,"[[[255 255 255]
  [255 255 255]
  [255 255 255]
  ...
  [255 255 255]
  [255 255 255]
  [255 255 255]]

 [[255 255 255]
  [255 255 255]
  [255 255 255]
  ...
  [255 255 255]
  [255 255 255]
  [255 255 255]]

 [[255 255 255]
  [255 255 255]
  [255 255 255]
  ...
  [255 255 255]
  [255 255 255]
  [255 255 255]]

 ...

 [[255 255 255]
  [255 255 255]
  [255 255 255]
  ...
  [255 255 255]
  [255 255 255]
  [255 255 255]]

 [[255 255 255]
  [255 255 255]
  [255 255 255]
  ...
  [255 255 255]
  [255 255 255]
  [255 255 255]]

 [[255 255 255]
  [255 255 255]
  [255 255 255]
  ...
  [255 255 255]
  [255 255 255]
  [255 255 255]]]"
19,freshly,Calming Sunflower Face Cream,Crema facial infantil 100% natural,"16,00 €",,4.7,369 opiniones,"[[[254 254 254]
  [255 255 255]
  [254 254 254]
  ...
  [254 254 254]
  [254 254 254]
  [254 254 254]]

 [[255 255 255]
  [255 255 255]
  [254 254 254]
  ...
  [254 254 254]
  [255 255 255]
  [255 255 255]]

 [[254 254 254]
  [255 255 255]
  [254 254 254]
  ...
  [254 254 254]
  [254 254 254]
  [254 254 254]]

 ...

 [[255 255 255]
  [255 255 255]
  [254 254 254]
  ...
  [255 255 255]
  [255 255 255]
  [255 255 255]]

 [[255 255 255]
  [255 255 255]
  [254 254 254]
  ...
  [254 254 254]
  [254 254 254]
  [255 255 255]]

 [[254 254 254]
  [255 255 255]
  [254 254 254]
  ...
  [254 254 254]
  [254 254 254]
  [255 255 255]]]"
20,freshly,Glow Up Body Pack,Aceite corporal + aceite iluminador,"49,00 €",,0,no_opinions,"[[[255 255 255]
  [255 255 255]
  [255 255 255]
  ...
  [255 255 255]
  [255 255 255]
  [255 255 255]]

 [[255 255 255]
  [255 255 255]
  [255 255 255]
  ...
  [255 255 255]
  [255 255 255]
  [255 255 255]]

 [[255 255 255]
  [255 255 255]
  [255 255 255]
  ...
  [255 255 255]
  [255 255 255]
  [255 255 255]]

 ...

 [[255 255 255]
  [255 255 255]
  [255 255 255]
  ...
  [255 255 255]
  [255 255 255]
  [255 255 255]]

 [[255 255 255]
  [255 255 255]
  [255 255 255]
  ...
  [255 255 255]
  [255 255 255]
  [255 255 255]]

 [[255 255 255]
  [255 255 255]
  [255 255 255]
  ...
  [255 255 255]
  [255 255 255]
  [255 255 255]]]"
21,freshly,Peony Limitless Eyelash Serum,Sérum para las pestañas,"35,00 €",,4.4,1110 opiniones,"[[[255 255 255]
  [255 255 255]
  [255 255 255]
  ...
  [255 255 255]
  [255 255 255]
  [255 255 255]]

 [[255 255 255]
  [255 255 255]
  [255 255 255]
  ...
  [255 255 255]
  [255 255 255]
  [255 255 255]]

 [[255 255 255]
  [255 255 255]
  [255 255 255]
  ...
  [255 255 255]
  [255 255 255]
  [255 255 255]]

 ...

 [[255 255 255]
  [255 255 255]
  [255 255 255]
  ...
  [255 255 255]
  [255 255 255]
  [255 255 255]]

 [[255 255 255]
  [255 255 255]
  [255 255 255]
  ...
  [255 255 255]
  [255 255 255]
  [255 255 255]]

 [[255 255 255]
  [255 255 255]
  [255 255 255]
  ...
  [255 255 255]
  [255 255 255]
  [255 255 255]]]"
22,freshly,Advanced Care Eye Contour Pack,Pack para el cuidado del contorno de ojos,"49,00 €",,4.5,2973 opiniones,"[[[255 255 255]
  [255 255 255]
  [255 255 255]
  ...
  [255 255 255]
  [255 255 255]
  [255 255 255]]

 [[255 255 255]
  [255 255 255]
  [255 255 255]
  ...
  [255 255 255]
  [255 255 255]
  [255 255 255]]

 [[255 255 255]
  [255 255 255]
  [255 255 255]
  ...
  [255 255 255]
  [255 255 255]
  [255 255 255]]

 ...

 [[255 255 255]
  [255 255 255]
  [255 255 255]
  ...
  [255 255 255]
  [255 255 255]
  [255 255 255]]

 [[255 255 255]
  [255 255 255]
  [255 255 255]
  ...
  [255 255 255]
  [255 255 255]
  [255 255 255]]

 [[255 255 255]
  [255 255 255]
  [255 255 255]
  ...
  [255 255 255]
  [255 255 255]
  [255 255 255]]]"
23,freshly,Vitamin Fix Concealer,no_use,"18,00 €",,4.5,606 opiniones,"[[[255 255 255]
  [255 255 255]
  [255 255 255]
  ...
  [255 255 255]
  [255 255 255]
  [255 255 255]]

 [[255 255 255]
  [255 255 255]
  [255 255 255]
  ...
  [255 255 255]
  [255 255 255]
  [255 255 255]]

 [[255 255 255]
  [255 255 255]
  [255 255 255]
  ...
  [255 255 255]
  [255 255 255]
  [255 255 255]]

 ...

 [[255 255 255]
  [255 255 255]
  [255 255 255]
  ...
  [255 255 255]
  [255 255 255]
  [255 255 255]]

 [[255 255 255]
  [255 255 255]
  [255 255 255]
  ...
  [255 255 255]
  [255 255 255]
  [255 255 255]]

 [[255 255 255]
  [255 255 255]
  [255 255 255]
  ...
  [255 255 255]
  [255 255 255]
  [255 255 255]]]"
24,freshly,Perfect Defining Eyebrow Gel,Gel fijador de cejas transparente,"15,00 €",,4.5,47 opiniones,"[[[255 255 255]
  [255 255 255]
  [255 255 255]
  ...
  [255 255 255]
  [255 255 255]
  [255 255 255]]

 [[255 255 255]
  [255 255 255]
  [255 255 255]
  ...
  [255 255 255]
  [255 255 255]
  [255 255 255]]

 [[255 255 255]
  [255 255 255]
  [255 255 255]
  ...
  [255 255 255]
  [255 255 255]
  [255 255 255]]

 ...

 [[255 255 255]
  [255 255 255]
  [255 255 255]
  ...
  [255 255 255]
  [255 255 255]
  [255 255 255]]

 [[255 255 255]
  [255 255 255]
  [255 255 255]
  ...
  [255 255 255]
  [255 255 255]
  [255 255 255]]

 [[255 255 255]
  [255 255 255]
  [255 255 255]
  ...
  [255 255 255]
  [255 255 255]
  [255 255 255]]]"
25,freshly,Haircare Detox Plan,Rutina de limpieza cabello normal o graso,"26,00 €",,4.2,1529 opiniones,"[[[255 255 255]
  [255 255 255]
  [255 255 255]
  ...
  [255 255 255]
  [255 255 255]
  [255 255 255]]

 [[255 255 255]
  [255 255 255]
  [255 255 255]
  ...
  [255 255 255]
  [255 255 255]
  [255 255 255]]

 [[255 255 255]
  [255 255 255]
  [255 255 255]
  ...
  [255 255 255]
  [255 255 255]
  [255 255 255]]

 ...

 [[255 255 255]
  [255 255 255]
  [255 255 255]
  ...
  [255 255 255]
  [255 255 255]
  [255 255 255]]

 [[255 255 255]
  [255 255 255]
  [255 255 255]
  ...
  [255 255 255]
  [255 255 255]
  [255 255 255]]

 [[255 255 255]
  [255 255 255]
  [255 255 255]
  ...
  [255 255 255]
  [255 255 255]
  [255 255 255]]]"
26,freshly,Iridescent Glow Highlighter,Iluminador líquido natural,"15,00 €",,4.7,561 opiniones,"[[[255 255 255]
  [255 255 255]
  [255 255 255]
  ...
  [255 255 255]
  [255 255 255]
  [255 255 255]]

 [[255 255 255]
  [255 255 255]
  [255 255 255]
  ...
  [255 255 255]
  [255 255 255]
  [255 255 255]]

 [[255 255 255]
  [255 255 255]
  [255 255 255]
  ...
  [255 255 255]
  [255 255 255]
  [255 255 255]]

 ...

 [[255 255 255]
  [255 255 255]
  [255 255 255]
  ...
  [255 255 255]
  [255 255 255]
  [255 255 255]]

 [[255 255 255]
  [255 255 255]
  [255 255 255]
  ...
  [255 255 255]
  [255 255 255]
  [255 255 255]]

 [[255 255 255]
  [255 255 255]
  [255 255 255]
  ...
  [255 255 255]
  [255 255 255]
  [255 255 255]]]"
27,freshly,Red Velvet Oil Serum,Sérum facial nutritivo 100% natural,"35,00 €",,4.7,2081 opiniones,"[[[255 255 255]
  [255 255 255]
  [255 255 255]
  ...
  [255 255 255]
  [255 255 255]
  [255 255 255]]

 [[255 255 255]
  [255 255 255]
  [255 255 255]
  ...
  [255 255 255]
  [255 255 255]
  [255 255 255]]

 [[255 255 255]
  [255 255 255]
  [255 255 255]
  ...
  [255 255 255]
  [255 255 255]
  [255 255 255]]

 ...

 [[255 255 255]
  [255 255 255]
  [255 255 255]
  ...
  [255 255 255]
  [255 255 255]
  [255 255 255]]

 [[255 255 255]
  [255 255 255]
  [255 255 255]
  ...
  [255 255 255]
  [255 255 255]
  [255 255 255]]

 [[255 255 255]
  [255 255 255]
  [255 255 255]
  ...
  [255 255 255]
  [255 255 255]
  [255 255 255]]]"
28,freshly,Radiant Glow Primer Serum,Prebase de maquillaje natural,"29,00 €",,4.7,730 opiniones,"[[[255 255 255]
  [255 255 255]
  [255 255 255]
  ...
  [255 255 255]
  [255 255 255]
  [255 255 255]]

 [[255 255 255]
  [255 255 255]
  [255 255 255]
  ...
  [255 255 255]
  [255 255 255]
  [255 255 255]]

 [[255 255 255]
  [255 255 255]
  [255 255 255]
  ...
  [255 255 255]
  [255 255 255]
  [255 255 255]]

 ...

 [[255 255 255]
  [255 255 255]
  [255 255 255]
  ...
  [255 255 255]
  [255 255 255]
  [255 255 255]]

 [[255 255 255]
  [255 255 255]
  [255 255 255]
  ...
  [255 255 255]
  [255 255 255]
  [255 255 255]]

 [[255 255 255]
  [255 255 255]
  [255 255 255]
  ...
  [255 255 255]
  [255 255 255]
  [255 255 255]]]"
29,freshly,Shampoo SolidPod Refill,Champú en pastilla para todo tipo de cabellos,"9,99 €",,3.3,471 opiniones,"[[[253 192 147]
  [253 192 147]
  [254 193 148]
  ...
  [250 186 138]
  [249 185 137]
  [249 185 137]]

 [[253 192 147]
  [253 192 147]
  [253 192 147]
  ...
  [249 185 137]
  [249 185 137]
  [249 185 137]]

 [[253 192 147]
  [254 193 148]
  [255 194 149]
  ...
  [250 187 136]
  [249 185 137]
  [249 185 137]]

 ...

 [[249 191 151]
  [250 192 152]
  [250 192 152]
  ...
  [248 189 147]
  [247 190 145]
  [246 189 144]]

 [[249 192 149]
  [250 193 148]
  [249 192 149]
  ...
  [247 190 145]
  [247 190 145]
  [246 189 144]]

 [[249 199 162]
  [249 200 160]
  [248 198 161]
  ...
  [245 196 156]
  [245 196 156]
  [244 195 155]]]"
30,freshly,Smooth Body Pack,Tratamiento corporal piel firme,"48,00 €",,4.7,63 opiniones,"[[[255 255 255]
  [255 255 255]
  [255 255 255]
  ...
  [255 255 255]
  [255 255 255]
  [255 255 255]]

 [[255 255 255]
  [255 255 255]
  [255 255 255]
  ...
  [255 255 255]
  [255 255 255]
  [255 255 255]]

 [[255 255 255]
  [255 255 255]
  [255 255 255]
  ...
  [255 255 255]
  [255 255 255]
  [255 255 255]]

 ...

 [[255 255 255]
  [255 255 255]
  [255 255 255]
  ...
  [255 255 255]
  [255 255 255]
  [255 255 255]]

 [[255 255 255]
  [255 255 255]
  [255 255 255]
  ...
  [255 255 255]
  [255 255 255]
  [255 255 255]]

 [[255 255 255]
  [255 255 255]
  [255 255 255]
  ...
  [255 255 255]
  [255 255 255]
  [255 255 255]]]"
31,freshly,Pacific Ocean Moisturising Gel,Hidratante facial activa para pieles grasas y mixtas,"29,00 €",,4.6,715 opiniones,"[[[255 255 255]
  [255 255 255]
  [255 255 255]
  ...
  [255 255 255]
  [255 255 255]
  [255 255 255]]

 [[255 255 255]
  [255 255 255]
  [255 255 255]
  ...
  [255 255 255]
  [255 255 255]
  [255 255 255]]

 [[255 255 255]
  [255 255 255]
  [255 255 255]
  ...
  [255 255 255]
  [255 255 255]
  [255 255 255]]

 ...

 [[255 255 255]
  [255 255 255]
  [255 255 255]
  ...
  [255 255 255]
  [255 255 255]
  [255 255 255]]

 [[255 255 255]
  [255 255 255]
  [255 255 255]
  ...
  [255 255 255]
  [255 255 255]
  [255 255 255]]

 [[255 255 255]
  [255 255 255]
  [255 255 255]
  ...
  [255 255 255]
  [255 255 255]
  [255 255 255]]]"
32,freshly,Wonder Curls Routine,no_use,"29,00 €",,4.3,709 opiniones,"[[[255 255 255]
  [255 255 255]
  [255 255 255]
  ...
  [255 255 255]
  [255 255 255]
  [255 255 255]]

 [[255 255 255]
  [255 255 255]
  [255 255 255]
  ...
  [255 255 255]
  [255 255 255]
  [255 255 255]]

 [[255 255 255]
  [255 255 255]
  [255 255 255]
  ...
  [255 255 255]
  [255 255 255]
  [255 255 255]]

 ...

 [[255 255 255]
  [255 255 255]
  [255 255 255]
  ...
  [255 255 255]
  [255 255 255]
  [255 255 255]]

 [[255 255 255]
  [255 255 255]
  [255 255 255]
  ...
  [255 255 255]
  [255 255 255]
  [255 255 255]]

 [[255 255 255]
  [255 255 255]
  [255 255 255]
  ...
  [255 255 255]
  [255 255 255]
  [255 255 255]]]"
33,freshly,Lime Purifying Facial Toner,Tónico facial para equilibrio pH y cerrar poros,"14,00 €",,4.6,1226 opiniones,"[[[255 255 255]
  [255 255 255]
  [255 255 255]
  ...
  [255 255 255]
  [255 255 255]
  [255 255 255]]

 [[255 255 255]
  [255 255 255]
  [255 255 255]
  ...
  [255 255 255]
  [255 255 255]
  [255 255 255]]

 [[255 255 255]
  [255 255 255]
  [255 255 255]
  ...
  [255 255 255]
  [255 255 255]
  [255 255 255]]

 ...

 [[255 255 255]
  [255 255 255]
  [255 255 255]
  ...
  [255 255 255]
  [255 255 255]
  [255 255 255]]

 [[255 255 255]
  [255 255 255]
  [255 255 255]
  ...
  [255 255 255]
  [255 255 255]
  [255 255 255]]

 [[255 255 255]
  [255 255 255]
  [255 255 255]
  ...
  [255 255 255]
  [255 255 255]
  [255 255 255]]]"
34,freshly,Satin Skin Cream Foundation,no_use,"22,00 €",,4.5,554 opiniones,"[[[1. 1. 1. 1.]
  [1. 1. 1. 1.]
  [1. 1. 1. 1.]
  ...
  [1. 1. 1. 1.]
  [1. 1. 1. 1.]
  [1. 1. 1. 1.]]

 [[1. 1. 1. 1.]
  [1. 1. 1. 1.]
  [1. 1. 1. 1.]
  ...
  [1. 1. 1. 1.]
  [1. 1. 1. 1.]
  [1. 1. 1. 1.]]

 [[1. 1. 1. 1.]
  [1. 1. 1. 1.]
  [1. 1. 1. 1.]
  ...
  [1. 1. 1. 1.]
  [1. 1. 1. 1.]
  [1. 1. 1. 1.]]

 ...

 [[1. 1. 1. 1.]
  [1. 1. 1. 1.]
  [1. 1. 1. 1.]
  ...
  [1. 1. 1. 1.]
  [1. 1. 1. 1.]
  [1. 1. 1. 1.]]

 [[1. 1. 1. 1.]
  [1. 1. 1. 1.]
  [1. 1. 1. 1.]
  ...
  [1. 1. 1. 1.]
  [1. 1. 1. 1.]
  [1. 1. 1. 1.]]

 [[1. 1. 1. 1.]
  [1. 1. 1. 1.]
  [1. 1. 1. 1.]
  ...
  [1. 1. 1. 1.]
  [1. 1. 1. 1.]
  [1. 1. 1. 1.]]]"
35,freshly,Mineral Eyeshadow Palette,Paleta de sombras de ojos,"24,00 €",,4.8,142 opiniones,"[[[255 255 255]
  [255 255 255]
  [255 255 255]
  ...
  [255 255 255]
  [255 255 255]
  [255 255 255]]

 [[255 255 255]
  [255 255 255]
  [255 255 255]
  ...
  [255 255 255]
  [255 255 255]
  [255 255 255]]

 [[255 255 255]
  [255 255 255]
  [255 255 255]
  ...
  [255 255 255]
  [255 255 255]
  [255 255 255]]

 ...

 [[255 255 255]
  [255 255 255]
  [255 255 255]
  ...
  [255 255 255]
  [255 255 255]
  [255 255 255]]

 [[255 255 255]
  [255 255 255]
  [255 255 255]
  ...
  [255 255 255]
  [255 255 255]
  [255 255 255]]

 [[255 255 255]
  [255 255 255]
  [255 255 255]
  ...
  [255 255 255]
  [255 255 255]
  [255 255 255]]]"
36,freshly,Golden Hour Body Pack,"Pack aceite, iluminador coporal y crema autobronceadora","79,00 €",,0,no_opinions,"[[[255 255 255]
  [255 255 255]
  [255 255 255]
  ...
  [255 255 255]
  [255 255 255]
  [255 255 255]]

 [[255 255 255]
  [255 255 255]
  [255 255 255]
  ...
  [255 255 255]
  [255 255 255]
  [255 255 255]]

 [[255 255 255]
  [255 255 255]
  [255 255 255]
  ...
  [255 255 255]
  [255 255 255]
  [255 255 255]]

 ...

 [[255 255 255]
  [255 255 255]
  [255 255 255]
  ...
  [255 255 255]
  [255 255 255]
  [255 255 255]]

 [[255 255 255]
  [255 255 255]
  [255 255 255]
  ...
  [255 255 255]
  [255 255 255]
  [255 255 255]]

 [[255 255 255]
  [255 255 255]
  [255 255 255]
  ...
  [255 255 255]
  [255 255 255]
  [255 255 255]]]"
37,freshly,Mineral Beauty Brush Pack,no_use,"38,00 €",,4.6,24 opiniones,"[[[254 254 254]
  [255 255 255]
  [254 254 254]
  ...
  [254 254 254]
  [254 254 254]
  [254 254 254]]

 [[255 255 255]
  [255 255 255]
  [254 254 254]
  ...
  [254 254 254]
  [255 255 255]
  [255 255 255]]

 [[254 254 254]
  [255 255 255]
  [254 254 254]
  ...
  [254 254 254]
  [254 254 254]
  [254 254 254]]

 ...

 [[255 255 255]
  [255 255 255]
  [254 254 254]
  ...
  [255 255 255]
  [255 255 255]
  [255 255 255]]

 [[255 255 255]
  [255 255 255]
  [254 254 254]
  ...
  [254 254 254]
  [254 254 254]
  [255 255 255]]

 [[254 254 254]
  [255 255 255]
  [254 254 254]
  ...
  [254 254 254]
  [254 254 254]
  [255 255 255]]]"
38,freshly,Deep Nourish Lip Balm,Bálsamo labial natural,"8,00 €",,4.4,313 opiniones,"[[[255 255 255]
  [255 255 255]
  [255 255 255]
  ...
  [255 255 255]
  [255 255 255]
  [255 255 255]]

 [[255 255 255]
  [255 255 255]
  [255 255 255]
  ...
  [255 255 255]
  [255 255 255]
  [255 255 255]]

 [[254 254 254]
  [254 254 254]
  [254 254 254]
  ...
  [254 254 254]
  [254 254 254]
  [254 254 254]]

 ...

 [[253 253 253]
  [253 253 253]
  [253 253 253]
  ...
  [253 253 253]
  [253 253 253]
  [253 253 253]]

 [[253 253 253]
  [253 253 253]
  [253 253 253]
  ...
  [253 253 253]
  [253 253 253]
  [253 253 253]]

 [[253 253 253]
  [253 253 253]
  [253 253 253]
  ...
  [253 253 253]
  [253 253 253]
  [253 253 253]]]"
39,freshly,Eye Contour & Well-Ageing Cream Pack,Contorno y crema de noche signos envejecimiento,"69,00 €",,4.6,97 opiniones,"[[[255 255 255]
  [255 255 255]
  [255 255 255]
  ...
  [255 255 255]
  [255 255 255]
  [255 255 255]]

 [[255 255 255]
  [255 255 255]
  [255 255 255]
  ...
  [255 255 255]
  [255 255 255]
  [255 255 255]]

 [[255 255 255]
  [255 255 255]
  [255 255 255]
  ...
  [255 255 255]
  [255 255 255]
  [255 255 255]]

 ...

 [[255 255 255]
  [255 255 255]
  [255 255 255]
  ...
  [255 255 255]
  [255 255 255]
  [255 255 255]]

 [[255 255 255]
  [255 255 255]
  [255 255 255]
  ...
  [255 255 255]
  [255 255 255]
  [255 255 255]]

 [[255 255 255]
  [255 255 255]
  [255 255 255]
  ...
  [255 255 255]
  [255 255 255]
  [255 255 255]]]"
40,freshly,Shower Gel SolidPod Refill,Gel de ducha en pastilla para todo tipo de pieles,"7,99 €",,3.5,297 opiniones,"[[[191 228 211]
  [192 229 212]
  [192 229 212]
  ...
  [196 233 216]
  [196 233 216]
  [196 233 216]]

 [[190 227 210]
  [191 228 211]
  [191 228 211]
  ...
  [195 232 215]
  [197 231 214]
  [196 233 215]]

 [[191 228 211]
  [192 229 212]
  [192 229 212]
  ...
  [198 232 216]
  [194 233 215]
  [195 232 215]]

 ...

 [[190 223 206]
  [191 224 207]
  [190 223 206]
  ...
  [191 224 207]
  [190 223 206]
  [190 223 206]]

 [[189 222 205]
  [190 223 206]
  [190 223 206]
  ...
  [190 223 206]
  [189 222 205]
  [189 222 205]]

 [[193 224 209]
  [194 225 210]
  [193 224 209]
  ...
  [196 224 210]
  [193 224 209]
  [193 224 209]]]"
41,freshly,Natural Glowy Highlighter,Iluminador Laura Escanes,"19,00 €",,4.6,329 opiniones,"[[[255 255 255]
  [255 255 255]
  [255 255 255]
  ...
  [255 255 255]
  [255 255 255]
  [255 255 255]]

 [[255 255 255]
  [255 255 255]
  [255 255 255]
  ...
  [255 255 255]
  [255 255 255]
  [255 255 255]]

 [[255 255 255]
  [255 255 255]
  [255 255 255]
  ...
  [255 255 255]
  [255 255 255]
  [255 255 255]]

 ...

 [[255 255 255]
  [255 255 255]
  [255 255 255]
  ...
  [255 255 255]
  [255 255 255]
  [255 255 255]]

 [[255 255 255]
  [255 255 255]
  [255 255 255]
  ...
  [255 255 255]
  [255 255 255]
  [255 255 255]]

 [[255 255 255]
  [255 255 255]
  [255 255 255]
  ...
  [255 255 255]
  [255 255 255]
  [255 255 255]]]"
42,freshly,Vegan Hero All-purpose Balm,"Bálsamo vegano calmante, cicatrizante y antiinflamatorio","22,00 €",,4.5,444 opiniones,"[[[255 255 255]
  [255 255 255]
  [255 255 255]
  ...
  [255 255 255]
  [255 255 255]
  [255 255 255]]

 [[255 255 255]
  [255 255 255]
  [255 255 255]
  ...
  [255 255 255]
  [255 255 255]
  [255 255 255]]

 [[255 255 255]
  [255 255 255]
  [255 255 255]
  ...
  [255 255 255]
  [255 255 255]
  [255 255 255]]

 ...

 [[255 255 255]
  [255 255 255]
  [255 255 255]
  ...
  [255 255 255]
  [255 255 255]
  [255 255 255]]

 [[255 255 255]
  [255 255 255]
  [255 255 255]
  ...
  [255 255 255]
  [255 255 255]
  [255 255 255]]

 [[255 255 255]
  [255 255 255]
  [255 255 255]
  ...
  [255 255 255]
  [255 255 255]
  [255 255 255]]]"
43,freshly,Daily Bath Pack,no_use,"20,00 €",,4.8,351 opiniones,"[[[254 254 254]
  [255 255 255]
  [254 254 254]
  ...
  [254 254 254]
  [254 254 254]
  [254 254 254]]

 [[255 255 255]
  [255 255 255]
  [254 254 254]
  ...
  [254 254 254]
  [255 255 255]
  [255 255 255]]

 [[254 254 254]
  [255 255 255]
  [254 254 254]
  ...
  [254 254 254]
  [254 254 254]
  [254 254 254]]

 ...

 [[255 255 255]
  [255 255 255]
  [254 254 254]
  ...
  [255 255 255]
  [255 255 255]
  [255 255 255]]

 [[255 255 255]
  [255 255 255]
  [254 254 254]
  ...
  [254 254 254]
  [254 254 254]
  [255 255 255]]

 [[254 254 254]
  [255 255 255]
  [254 254 254]
  ...
  [254 254 254]
  [254 254 254]
  [255 255 255]]]"
44,freshly,Sweet Apple Body Cream,Crema corporal para bebés y niños,"16,00 €",,4.8,514 opiniones,"[[[255 255 255]
  [255 255 255]
  [255 255 255]
  ...
  [255 255 255]
  [255 255 255]
  [255 255 255]]

 [[255 255 255]
  [255 255 255]
  [255 255 255]
  ...
  [255 255 255]
  [255 255 255]
  [255 255 255]]

 [[255 255 255]
  [255 255 255]
  [255 255 255]
  ...
  [255 255 255]
  [255 255 255]
  [255 255 255]]

 ...

 [[255 255 255]
  [255 255 255]
  [255 255 255]
  ...
  [255 255 255]
  [255 255 255]
  [255 255 255]]

 [[255 255 255]
  [255 255 255]
  [255 255 255]
  ...
  [255 255 255]
  [255 255 255]
  [255 255 255]]

 [[255 255 255]
  [255 255 255]
  [255 255 255]
  ...
  [255 255 255]
  [255 255 255]
  [255 255 255]]]"
45,freshly,Fresh Green Micellar Water,Agua micelar natural,"14,00 €",,4.7,761 opiniones,"[[[255 255 255]
  [255 255 255]
  [255 255 255]
  ...
  [255 255 255]
  [255 255 255]
  [255 255 255]]

 [[255 255 255]
  [255 255 255]
  [255 255 255]
  ...
  [255 255 255]
  [255 255 255]
  [255 255 255]]

 [[255 255 255]
  [255 255 255]
  [255 255 255]
  ...
  [255 255 255]
  [255 255 255]
  [255 255 255]]

 ...

 [[255 255 255]
  [255 255 255]
  [255 255 255]
  ...
  [255 255 255]
  [255 255 255]
  [255 255 255]]

 [[255 255 255]
  [255 255 255]
  [255 255 255]
  ...
  [255 255 255]
  [255 255 255]
  [255 255 255]]

 [[255 255 255]
  [255 255 255]
  [255 255 255]
  ...
  [255 255 255]
  [255 255 255]
  [255 255 255]]]"
46,freshly,Curly Vibes Defining Cream,Curl defining cream,"15,00 €",,4.1,410 opiniones,"[[[255 255 255]
  [255 255 255]
  [255 255 255]
  ...
  [255 255 255]
  [255 255 255]
  [255 255 255]]

 [[255 255 255]
  [255 255 255]
  [255 255 255]
  ...
  [255 255 255]
  [255 255 255]
  [255 255 255]]

 [[255 255 255]
  [255 255 255]
  [255 255 255]
  ...
  [255 255 255]
  [255 255 255]
  [255 255 255]]

 ...

 [[255 255 255]
  [255 255 255]
  [255 255 255]
  ...
  [255 255 255]
  [255 255 255]
  [255 255 255]]

 [[255 255 255]
  [255 255 255]
  [255 255 255]
  ...
  [255 255 255]
  [255 255 255]
  [255 255 255]]

 [[255 255 255]
  [255 255 255]
  [255 255 255]
  ...
  [255 255 255]
  [255 255 255]
  [255 255 255]]]"
47,freshly,Shine Control Pack For Oily Skin,Rutina facial completa piel mixta y grasa,"85,00 €",,4.6,213 opiniones,"[[[255 255 255]
  [255 255 255]
  [255 255 255]
  ...
  [255 255 255]
  [255 255 255]
  [255 255 255]]

 [[255 255 255]
  [255 255 255]
  [255 255 255]
  ...
  [255 255 255]
  [255 255 255]
  [255 255 255]]

 [[255 255 255]
  [255 255 255]
  [255 255 255]
  ...
  [255 255 255]
  [255 255 255]
  [255 255 255]]

 ...

 [[255 255 255]
  [255 255 255]
  [255 255 255]
  ...
  [255 255 255]
  [255 255 255]
  [255 255 255]]

 [[255 255 255]
  [255 255 255]
  [255 255 255]
  ...
  [255 255 255]
  [255 255 255]
  [255 255 255]]

 [[255 255 255]
  [255 255 255]
  [255 255 255]
  ...
  [255 255 255]
  [255 255 255]
  [255 255 255]]]"
48,freshly,F SolidPod Shampoo,Champú en pastilla y aplicador para todo tipo de cabellos,"16,00 €",,3.3,688 opiniones,"[[[252 179 126]
  [252 179 126]
  [252 179 126]
  ...
  [252 179 126]
  [252 179 126]
  [252 179 126]]

 [[253 180 127]
  [252 179 126]
  [252 179 126]
  ...
  [252 179 126]
  [252 179 126]
  [252 179 126]]

 [[252 179 126]
  [252 179 126]
  [252 179 126]
  ...
  [254 178 126]
  [254 178 126]
  [254 178 126]]

 ...

 [[255 207 171]
  [255 207 171]
  [255 207 171]
  ...
  [255 207 171]
  [255 207 171]
  [255 207 171]]

 [[255 207 171]
  [255 207 171]
  [255 207 171]
  ...
  [255 207 171]
  [255 207 171]
  [255 207 171]]

 [[255 207 171]
  [255 207 171]
  [255 207 171]
  ...
  [255 207 171]
  [255 207 171]
  [255 207 171]]]"
49,freshly,Blueberry Konjac Face Sponge,Esponja facial natural biodegradable,"6,00 €",,4.2,175 opiniones,"[[[255 255 255]
  [255 255 255]
  [255 255 255]
  ...
  [255 255 255]
  [255 255 255]
  [255 255 255]]

 [[255 255 255]
  [255 255 255]
  [255 255 255]
  ...
  [255 255 255]
  [255 255 255]
  [255 255 255]]

 [[255 255 255]
  [255 255 255]
  [255 255 255]
  ...
  [255 255 255]
  [255 255 255]
  [255 255 255]]

 ...

 [[255 255 255]
  [255 255 255]
  [255 255 255]
  ...
  [255 255 255]
  [255 255 255]
  [255 255 255]]

 [[255 255 255]
  [255 255 255]
  [255 255 255]
  ...
  [255 255 255]
  [255 255 255]
  [255 255 255]]

 [[255 255 255]
  [255 255 255]
  [255 255 255]
  ...
  [255 255 255]
  [255 255 255]
  [255 255 255]]]"
50,freshly,Body Flame Firming Cream,Crema reafirmante corporal,"26,00 €",,4.7,1368 opiniones,"[[[255 255 255]
  [255 255 255]
  [255 255 255]
  ...
  [255 255 255]
  [255 255 255]
  [255 255 255]]

 [[255 255 255]
  [255 255 255]
  [255 255 255]
  ...
  [255 255 255]
  [255 255 255]
  [255 255 255]]

 [[255 255 255]
  [255 255 255]
  [255 255 255]
  ...
  [255 255 255]
  [255 255 255]
  [255 255 255]]

 ...

 [[255 255 255]
  [255 255 255]
  [255 255 255]
  ...
  [255 255 255]
  [255 255 255]
  [255 255 255]]

 [[255 255 255]
  [255 255 255]
  [255 255 255]
  ...
  [255 255 255]
  [255 255 255]
  [255 255 255]]

 [[255 255 255]
  [255 255 255]
  [255 255 255]
  ...
  [255 255 255]
  [255 255 255]
  [255 255 255]]]"
51,freshly,Silky Passion Cleansing Oil,Aceite limpiador desmaquillante,"18,00 €",,4.4,329 opiniones,"[[[255 255 255]
  [255 255 255]
  [255 255 255]
  ...
  [255 255 255]
  [255 255 255]
  [255 255 255]]

 [[255 255 255]
  [255 255 255]
  [255 255 255]
  ...
  [255 255 255]
  [255 255 255]
  [255 255 255]]

 [[255 255 255]
  [255 255 255]
  [255 255 255]
  ...
  [255 255 255]
  [255 255 255]
  [255 255 255]]

 ...

 [[255 255 255]
  [255 255 255]
  [255 255 255]
  ...
  [255 255 255]
  [255 255 255]
  [255 255 255]]

 [[255 255 255]
  [255 255 255]
  [255 255 255]
  ...
  [255 255 255]
  [255 255 255]
  [255 255 255]]

 [[255 255 255]
  [255 255 255]
  [255 255 255]
  ...
  [255 255 255]
  [255 255 255]
  [255 255 255]]]"
52,freshly,F SolidPod Shower Gel,Gel de ducha en pastilla y aplicador para todo tipo de pieles,"14,00 €",,3.2,517 opiniones,"[[[170 215 195]
  [169 214 194]
  [168 213 193]
  ...
  [164 213 194]
  [166 213 195]
  [166 213 195]]

 [[166 213 193]
  [167 214 196]
  [166 214 192]
  ...
  [163 212 193]
  [164 213 194]
  [164 213 194]]

 [[166 213 193]
  [165 212 192]
  [166 213 195]
  ...
  [164 211 193]
  [164 213 194]
  [164 213 194]]

 ...

 [[190 222 207]
  [190 222 207]
  [190 222 207]
  ...
  [190 222 207]
  [190 222 207]
  [190 222 207]]

 [[190 222 207]
  [190 222 207]
  [190 222 207]
  ...
  [190 222 207]
  [190 222 207]
  [190 222 207]]

 [[198 226 212]
  [198 226 212]
  [198 226 212]
  ...
  [198 226 212]
  [198 226 212]
  [198 226 212]]]"
53,freshly,Vitamin C Concentrate Treatment,no_use,"65,00 €",,4.6,359 opiniones,"[[[254 254 254]
  [255 255 255]
  [254 254 254]
  ...
  [254 254 254]
  [254 254 254]
  [254 254 254]]

 [[255 255 255]
  [255 255 255]
  [254 254 254]
  ...
  [254 254 254]
  [255 255 255]
  [255 255 255]]

 [[254 254 254]
  [255 255 255]
  [254 254 254]
  ...
  [254 254 254]
  [254 254 254]
  [254 254 254]]

 ...

 [[255 255 255]
  [255 255 255]
  [254 254 254]
  ...
  [255 255 255]
  [255 255 255]
  [255 255 255]]

 [[255 255 255]
  [255 255 255]
  [254 254 254]
  ...
  [254 254 254]
  [254 254 254]
  [255 255 255]]

 [[254 254 254]
  [255 255 255]
  [254 254 254]
  ...
  [254 254 254]
  [254 254 254]
  [255 255 255]]]"
54,freshly,Citrus Nourishing Shower Gel,Gel de ducha natural,"9,50 €",,4.8,423 opiniones,"[[[254 254 254]
  [255 255 255]
  [254 254 254]
  ...
  [254 254 254]
  [254 254 254]
  [254 254 254]]

 [[255 255 255]
  [255 255 255]
  [254 254 254]
  ...
  [254 254 254]
  [255 255 255]
  [255 255 255]]

 [[254 254 254]
  [255 255 255]
  [254 254 254]
  ...
  [254 254 254]
  [254 254 254]
  [254 254 254]]

 ...

 [[255 255 255]
  [255 255 255]
  [254 254 254]
  ...
  [255 255 255]
  [255 255 255]
  [255 255 255]]

 [[255 255 255]
  [255 255 255]
  [254 254 254]
  ...
  [254 254 254]
  [254 254 254]
  [255 255 255]]

 [[254 254 254]
  [255 255 255]
  [254 254 254]
  ...
  [254 254 254]
  [254 254 254]
  [255 255 255]]]"
55,freshly,Reusable Organic Cotton Pads,Discos desmaquillantes reutilizables,"12,00 €",,4.3,335 opiniones,"[[[254 254 254]
  [255 255 255]
  [254 254 254]
  ...
  [254 254 254]
  [254 254 254]
  [254 254 254]]

 [[255 255 255]
  [255 255 255]
  [254 254 254]
  ...
  [254 254 254]
  [255 255 255]
  [255 255 255]]

 [[254 254 254]
  [255 255 255]
  [254 254 254]
  ...
  [254 254 254]
  [254 254 254]
  [254 254 254]]

 ...

 [[255 255 255]
  [255 255 255]
  [255 255 255]
  ...
  [255 255 255]
  [255 255 255]
  [255 255 255]]

 [[255 255 255]
  [255 255 255]
  [254 254 254]
  ...
  [254 254 254]
  [254 254 254]
  [255 255 255]]

 [[254 254 254]
  [255 255 255]
  [254 254 254]
  ...
  [254 254 254]
  [254 254 254]
  [255 255 255]]]"
56,freshly,Acondicionador Reparador Anti Frizz,Acondicionador sin siliconas 100% natural,"16,00 €",,4.1,443 opiniones,"[[[255 255 255]
  [255 255 255]
  [255 255 255]
  ...
  [255 255 255]
  [255 255 255]
  [255 255 255]]

 [[255 255 255]
  [255 255 255]
  [255 255 255]
  ...
  [255 255 255]
  [255 255 255]
  [255 255 255]]

 [[255 255 255]
  [255 255 255]
  [255 255 255]
  ...
  [255 255 255]
  [255 255 255]
  [255 255 255]]

 ...

 [[255 255 255]
  [255 255 255]
  [255 255 255]
  ...
  [255 255 255]
  [255 255 255]
  [255 255 255]]

 [[255 255 255]
  [255 255 255]
  [255 255 255]
  ...
  [255 255 255]
  [255 255 255]
  [255 255 255]]

 [[255 255 255]
  [255 255 255]
  [255 255 255]
  ...
  [255 255 255]
  [255 255 255]
  [255 255 255]]]"
57,freshly,Nourish Restore Hair Mask,no_use,"18,00 €",,4.2,511 opiniones,"[[[255 255 255]
  [255 255 255]
  [255 255 255]
  ...
  [255 255 255]
  [255 255 255]
  [255 255 255]]

 [[255 255 255]
  [255 255 255]
  [255 255 255]
  ...
  [255 255 255]
  [255 255 255]
  [255 255 255]]

 [[255 255 255]
  [255 255 255]
  [255 255 255]
  ...
  [255 255 255]
  [255 255 255]
  [255 255 255]]

 ...

 [[255 255 255]
  [255 255 255]
  [255 255 255]
  ...
  [255 255 255]
  [255 255 255]
  [255 255 255]]

 [[255 255 255]
  [255 255 255]
  [255 255 255]
  ...
  [255 255 255]
  [255 255 255]
  [255 255 255]]

 [[255 255 255]
  [255 255 255]
  [255 255 255]
  ...
  [255 255 255]
  [255 255 255]
  [255 255 255]]]"
58,freshly,Juicy Satin Lipstick,no_use,"16,00 €",,4.3,376 opiniones,"[[[255 255 255]
  [255 255 255]
  [255 255 255]
  ...
  [255 255 255]
  [255 255 255]
  [255 255 255]]

 [[255 255 255]
  [255 255 255]
  [255 255 255]
  ...
  [255 255 255]
  [255 255 255]
  [255 255 255]]

 [[255 255 255]
  [255 255 255]
  [255 255 255]
  ...
  [255 255 255]
  [255 255 255]
  [255 255 255]]

 ...

 [[255 255 255]
  [255 255 255]
  [255 255 255]
  ...
  [255 255 255]
  [255 255 255]
  [255 255 255]]

 [[255 255 255]
  [255 255 255]
  [255 255 255]
  ...
  [255 255 255]
  [255 255 255]
  [255 255 255]]

 [[255 255 255]
  [255 255 255]
  [255 255 255]
  ...
  [255 255 255]
  [255 255 255]
  [255 255 255]]]"
59,freshly,Rose & Omega Pack,Limpiador + Crema de noche well-ageing,"54,00 €",,4.3,32 opiniones,"[[[255 255 255]
  [255 255 255]
  [255 255 255]
  ...
  [255 255 255]
  [255 255 255]
  [255 255 255]]

 [[255 255 255]
  [255 255 255]
  [255 255 255]
  ...
  [255 255 255]
  [255 255 255]
  [255 255 255]]

 [[255 255 255]
  [255 255 255]
  [255 255 255]
  ...
  [255 255 255]
  [255 255 255]
  [255 255 255]]

 ...

 [[255 255 255]
  [255 255 255]
  [255 255 255]
  ...
  [255 255 255]
  [255 255 255]
  [255 255 255]]

 [[255 255 255]
  [255 255 255]
  [255 255 255]
  ...
  [255 255 255]
  [255 255 255]
  [255 255 255]]

 [[255 255 255]
  [255 255 255]
  [255 255 255]
  ...
  [255 255 255]
  [255 255 255]
  [255 255 255]]]"
60,freshly,Super Cleanser Trio,no_use,"42,00 €",,4.8,632 opiniones,"[[[255 255 255]
  [255 255 255]
  [255 255 255]
  ...
  [255 255 255]
  [255 255 255]
  [255 255 255]]

 [[255 255 255]
  [255 255 255]
  [255 255 255]
  ...
  [255 255 255]
  [255 255 255]
  [255 255 255]]

 [[255 255 255]
  [255 255 255]
  [255 255 255]
  ...
  [255 255 255]
  [255 255 255]
  [255 255 255]]

 ...

 [[255 255 255]
  [255 255 255]
  [255 255 255]
  ...
  [255 255 255]
  [255 255 255]
  [255 255 255]]

 [[255 255 255]
  [255 255 255]
  [255 255 255]
  ...
  [255 255 255]
  [255 255 255]
  [255 255 255]]

 [[255 255 255]
  [255 255 255]
  [255 255 255]
  ...
  [255 255 255]
  [255 255 255]
  [255 255 255]]]"
61,freshly,Glow Skin Serum Foundation,no_use,"22,00 €",,4.6,294 opiniones,"[[[255 255 255]
  [255 255 255]
  [255 255 255]
  ...
  [255 255 255]
  [255 255 255]
  [255 255 255]]

 [[255 255 255]
  [255 255 255]
  [255 255 255]
  ...
  [255 255 255]
  [255 255 255]
  [255 255 255]]

 [[255 255 255]
  [255 255 255]
  [255 255 255]
  ...
  [255 255 255]
  [255 255 255]
  [255 255 255]]

 ...

 [[255 255 255]
  [255 255 255]
  [255 255 255]
  ...
  [255 255 255]
  [255 255 255]
  [255 255 255]]

 [[255 255 255]
  [255 255 255]
  [255 255 255]
  ...
  [255 255 255]
  [255 255 255]
  [255 255 255]]

 [[255 255 255]
  [255 255 255]
  [255 255 255]
  ...
  [255 255 255]
  [255 255 255]
  [255 255 255]]]"
62,freshly,Vitamin Complex Facial Plan,Pack con rutina facial básica hidratante,"59,00 €",,4.7,695 opiniones,"[[[254 254 254]
  [255 255 255]
  [254 254 254]
  ...
  [254 254 254]
  [254 254 254]
  [254 254 254]]

 [[255 255 255]
  [255 255 255]
  [254 254 254]
  ...
  [254 254 254]
  [255 255 255]
  [255 255 255]]

 [[254 254 254]
  [255 255 255]
  [254 254 254]
  ...
  [254 254 254]
  [254 254 254]
  [254 254 254]]

 ...

 [[255 255 255]
  [255 255 255]
  [254 254 254]
  ...
  [255 255 255]
  [255 255 255]
  [255 255 255]]

 [[255 255 255]
  [255 255 255]
  [254 254 254]
  ...
  [254 254 254]
  [254 254 254]
  [255 255 255]]

 [[254 254 254]
  [255 255 255]
  [254 254 254]
  ...
  [254 254 254]
  [254 254 254]
  [255 255 255]]]"
63,freshly,Instant Fresh Hand Sanitiser,Higienizante de manos natural,"6,00 €",,4.8,494 opiniones,"[[[255 255 255]
  [255 255 255]
  [255 255 255]
  ...
  [255 255 255]
  [255 255 255]
  [255 255 255]]

 [[255 255 255]
  [255 255 255]
  [255 255 255]
  ...
  [255 255 255]
  [255 255 255]
  [255 255 255]]

 [[255 255 255]
  [255 255 255]
  [255 255 255]
  ...
  [255 255 255]
  [255 255 255]
  [255 255 255]]

 ...

 [[255 255 255]
  [255 255 255]
  [255 255 255]
  ...
  [255 255 255]
  [255 255 255]
  [255 255 255]]

 [[255 255 255]
  [255 255 255]
  [255 255 255]
  ...
  [255 255 255]
  [255 255 255]
  [255 255 255]]

 [[255 255 255]
  [255 255 255]
  [255 255 255]
  ...
  [255 255 255]
  [255 255 255]
  [255 255 255]]]"
64,freshly,Pure Mineral Compact Blush,no_use,"18,00 €",,4.8,190 opiniones,"[[[255 255 255]
  [255 255 255]
  [255 255 255]
  ...
  [255 255 255]
  [255 255 255]
  [255 255 255]]

 [[255 255 255]
  [255 255 255]
  [255 255 255]
  ...
  [255 255 255]
  [255 255 255]
  [255 255 255]]

 [[255 255 255]
  [255 255 255]
  [255 255 255]
  ...
  [255 255 255]
  [255 255 255]
  [255 255 255]]

 ...

 [[255 255 255]
  [255 255 255]
  [255 255 255]
  ...
  [255 255 255]
  [255 255 255]
  [255 255 255]]

 [[255 255 255]
  [255 255 255]
  [255 255 255]
  ...
  [255 255 255]
  [255 255 255]
  [255 255 255]]

 [[255 255 255]
  [255 255 255]
  [255 255 255]
  ...
  [255 255 255]
  [255 255 255]
  [255 255 255]]]"
65,freshly,Rose Gold Pack,Aceite corporal + Limpiador facial,"39,00 €",,4.6,57 opiniones,"[[[255 255 255]
  [255 255 255]
  [255 255 255]
  ...
  [255 255 255]
  [255 255 255]
  [255 255 255]]

 [[255 255 255]
  [255 255 255]
  [255 255 255]
  ...
  [255 255 255]
  [255 255 255]
  [255 255 255]]

 [[255 255 255]
  [255 255 255]
  [255 255 255]
  ...
  [255 255 255]
  [255 255 255]
  [255 255 255]]

 ...

 [[255 255 255]
  [255 255 255]
  [255 255 255]
  ...
  [255 255 255]
  [255 255 255]
  [255 255 255]]

 [[255 255 255]
  [255 255 255]
  [255 255 255]
  ...
  [255 255 255]
  [255 255 255]
  [255 255 255]]

 [[255 255 255]
  [255 255 255]
  [255 255 255]
  ...
  [255 255 255]
  [255 255 255]
  [255 255 255]]]"
66,freshly,Rose Passion Cleansing Pack,Rutina doble limpieza,"29,00 €",,4.3,71 opiniones,"[[[255 255 255]
  [255 255 255]
  [255 255 255]
  ...
  [255 255 255]
  [255 255 255]
  [255 255 255]]

 [[255 255 255]
  [255 255 255]
  [255 255 255]
  ...
  [255 255 255]
  [255 255 255]
  [255 255 255]]

 [[255 255 255]
  [255 255 255]
  [255 255 255]
  ...
  [255 255 255]
  [255 255 255]
  [255 255 255]]

 ...

 [[255 255 255]
  [255 255 255]
  [255 255 255]
  ...
  [255 255 255]
  [255 255 255]
  [255 255 255]]

 [[255 255 255]
  [255 255 255]
  [255 255 255]
  ...
  [255 255 255]
  [255 255 255]
  [255 255 255]]

 [[255 255 255]
  [255 255 255]
  [255 255 255]
  ...
  [255 255 255]
  [255 255 255]
  [255 255 255]]]"
67,freshly,Emerald Clay Facial Mask,Mascarilla facial purificante y natural,"26,00 €",,4.7,359 opiniones,"[[[255 255 255]
  [255 255 255]
  [255 255 255]
  ...
  [255 255 255]
  [255 255 255]
  [255 255 255]]

 [[255 255 255]
  [255 255 255]
  [255 255 255]
  ...
  [255 255 255]
  [255 255 255]
  [255 255 255]]

 [[255 255 255]
  [255 255 255]
  [255 255 255]
  ...
  [255 255 255]
  [255 255 255]
  [255 255 255]]

 ...

 [[255 255 255]
  [255 255 255]
  [255 255 255]
  ...
  [255 255 255]
  [255 255 255]
  [255 255 255]]

 [[255 255 255]
  [255 255 255]
  [255 255 255]
  ...
  [255 255 255]
  [255 255 255]
  [255 255 255]]

 [[255 255 255]
  [255 255 255]
  [255 255 255]
  ...
  [255 255 255]
  [255 255 255]
  [255 255 255]]]"
68,freshly,Funny Aloe Nourishing Gel,Gel sin jabón,"9,50 €",,4.8,264 opiniones,"[[[254 254 254]
  [255 255 255]
  [254 254 254]
  ...
  [254 254 254]
  [254 254 254]
  [254 254 254]]

 [[255 255 255]
  [255 255 255]
  [254 254 254]
  ...
  [254 254 254]
  [255 255 255]
  [255 255 255]]

 [[254 254 254]
  [255 255 255]
  [254 254 254]
  ...
  [254 254 254]
  [254 254 254]
  [254 254 254]]

 ...

 [[255 255 255]
  [255 255 255]
  [254 254 254]
  ...
  [255 255 255]
  [255 255 255]
  [255 255 255]]

 [[255 255 255]
  [255 255 255]
  [254 254 254]
  ...
  [254 254 254]
  [254 254 254]
  [255 255 255]]

 [[254 254 254]
  [255 255 255]
  [254 254 254]
  ...
  [254 254 254]
  [254 254 254]
  [255 255 255]]]"
69,freshly,Pure Freshness Toothbrush,Cepillo de dientes de bambú natural y sostenible,"4,00 €",,4.5,228 opiniones,"[[[255 255 255]
  [255 255 255]
  [255 255 255]
  ...
  [255 255 255]
  [255 255 255]
  [255 255 255]]

 [[255 255 255]
  [255 255 255]
  [255 255 255]
  ...
  [255 255 255]
  [255 255 255]
  [255 255 255]]

 [[255 255 255]
  [255 255 255]
  [255 255 255]
  ...
  [255 255 255]
  [255 255 255]
  [255 255 255]]

 ...

 [[255 255 255]
  [255 255 255]
  [255 255 255]
  ...
  [255 255 255]
  [255 255 255]
  [255 255 255]]

 [[255 255 255]
  [255 255 255]
  [255 255 255]
  ...
  [255 255 255]
  [255 255 255]
  [255 255 255]]

 [[255 255 255]
  [255 255 255]
  [255 255 255]
  ...
  [255 255 255]
  [255 255 255]
  [255 255 255]]]"
70,freshly,Radiant Curls Oil Serum,no_use,"19,00 €",,4.4,92 opiniones,"[[[255 255 255]
  [255 255 255]
  [255 255 255]
  ...
  [255 255 255]
  [255 255 255]
  [255 255 255]]

 [[255 255 255]
  [255 255 255]
  [255 255 255]
  ...
  [255 255 255]
  [255 255 255]
  [255 255 255]]

 [[255 255 255]
  [255 255 255]
  [255 255 255]
  ...
  [255 255 255]
  [255 255 255]
  [255 255 255]]

 ...

 [[255 255 255]
  [255 255 255]
  [255 255 255]
  ...
  [255 255 255]
  [255 255 255]
  [255 255 255]]

 [[255 255 255]
  [255 255 255]
  [255 255 255]
  ...
  [255 255 255]
  [255 255 255]
  [255 255 255]]

 [[255 255 255]
  [255 255 255]
  [255 255 255]
  ...
  [255 255 255]
  [255 255 255]
  [255 255 255]]]"
71,freshly,Magic Finishing Loose Powder,Polvos fijadores naturales,"22,00 €",,4.6,123 opiniones,"[[[255 255 255]
  [255 255 255]
  [255 255 255]
  ...
  [255 255 255]
  [255 255 255]
  [255 255 255]]

 [[255 255 255]
  [255 255 255]
  [255 255 255]
  ...
  [255 255 255]
  [255 255 255]
  [255 255 255]]

 [[255 255 255]
  [255 255 255]
  [255 255 255]
  ...
  [255 255 255]
  [255 255 255]
  [255 255 255]]

 ...

 [[255 255 255]
  [255 255 255]
  [255 255 255]
  ...
  [255 255 255]
  [255 255 255]
  [255 255 255]]

 [[255 255 255]
  [255 255 255]
  [255 255 255]
  ...
  [255 255 255]
  [255 255 255]
  [255 255 255]]

 [[255 255 255]
  [255 255 255]
  [255 255 255]
  ...
  [255 255 255]
  [255 255 255]
  [255 255 255]]]"
72,freshly,Nebula Stick - White Cloud,no_use,"15,00 €",,4.6,66 opiniones,"[[[255 255 255]
  [255 255 255]
  [255 255 255]
  ...
  [255 255 255]
  [255 255 255]
  [255 255 255]]

 [[255 255 255]
  [255 255 255]
  [255 255 255]
  ...
  [255 255 255]
  [255 255 255]
  [255 255 255]]

 [[255 255 255]
  [255 255 255]
  [255 255 255]
  ...
  [255 255 255]
  [255 255 255]
  [255 255 255]]

 ...

 [[255 255 255]
  [255 255 255]
  [255 255 255]
  ...
  [255 255 255]
  [255 255 255]
  [255 255 255]]

 [[255 255 255]
  [255 255 255]
  [255 255 255]
  ...
  [255 255 255]
  [255 255 255]
  [255 255 255]]

 [[255 255 255]
  [255 255 255]
  [255 255 255]
  ...
  [255 255 255]
  [255 255 255]
  [255 255 255]]]"
73,freshly,Biodegradable Raspberry Body Scrub,Exfoliante corporal con partículas naturales biodegradables,"16,00 €",,4.6,268 opiniones,"[[[255 255 255]
  [255 255 255]
  [255 255 255]
  ...
  [255 255 255]
  [255 255 255]
  [255 255 255]]

 [[255 255 255]
  [255 255 255]
  [255 255 255]
  ...
  [255 255 255]
  [255 255 255]
  [255 255 255]]

 [[255 255 255]
  [255 255 255]
  [255 255 255]
  ...
  [255 255 255]
  [255 255 255]
  [255 255 255]]

 ...

 [[255 255 255]
  [255 255 255]
  [255 255 255]
  ...
  [255 255 255]
  [255 255 255]
  [255 255 255]]

 [[255 255 255]
  [255 255 255]
  [255 255 255]
  ...
  [255 255 255]
  [255 255 255]
  [255 255 255]]

 [[255 255 255]
  [255 255 255]
  [255 255 255]
  ...
  [255 255 255]
  [255 255 255]
  [255 255 255]]]"
74,freshly,Red & Blue Serums Pack,no_use,"65,00 €",,4.8,363 opiniones,"[[[254 254 254]
  [255 255 255]
  [254 254 254]
  ...
  [254 254 254]
  [254 254 254]
  [254 254 254]]

 [[255 255 255]
  [255 255 255]
  [254 254 254]
  ...
  [254 254 254]
  [255 255 255]
  [255 255 255]]

 [[254 254 254]
  [255 255 255]
  [254 254 254]
  ...
  [254 254 254]
  [254 254 254]
  [254 254 254]]

 ...

 [[255 255 255]
  [255 255 255]
  [254 254 254]
  ...
  [255 255 255]
  [255 255 255]
  [255 255 255]]

 [[255 255 255]
  [255 255 255]
  [254 254 254]
  ...
  [254 254 254]
  [254 254 254]
  [255 255 255]]

 [[254 254 254]
  [255 255 255]
  [254 254 254]
  ...
  [254 254 254]
  [254 254 254]
  [255 255 255]]]"
75,freshly,Soothing Pack For Sensitive Skin,no_use,"75,00 €",,4.8,223 opiniones,"[[[254 254 254]
  [255 255 255]
  [254 254 254]
  ...
  [254 254 254]
  [254 254 254]
  [254 254 254]]

 [[255 255 255]
  [255 255 255]
  [254 254 254]
  ...
  [254 254 254]
  [255 255 255]
  [255 255 255]]

 [[254 254 254]
  [255 255 255]
  [254 254 254]
  ...
  [254 254 254]
  [254 254 254]
  [254 254 254]]

 ...

 [[255 255 255]
  [255 255 255]
  [254 254 254]
  ...
  [255 255 255]
  [255 255 255]
  [255 255 255]]

 [[255 255 255]
  [255 255 255]
  [254 254 254]
  ...
  [254 254 254]
  [254 254 254]
  [255 255 255]]

 [[254 254 254]
  [255 255 255]
  [254 254 254]
  ...
  [254 254 254]
  [254 254 254]
  [255 255 255]]]"
76,freshly,Smiling Kiwi Mild Shampoo,Champú suave para bebés y niños,"12,00 €",,4.7,270 opiniones,"[[[254 254 254]
  [255 255 255]
  [254 254 254]
  ...
  [254 254 254]
  [254 254 254]
  [254 254 254]]

 [[255 255 255]
  [255 255 255]
  [254 254 254]
  ...
  [254 254 254]
  [255 255 255]
  [255 255 255]]

 [[254 254 254]
  [255 255 255]
  [254 254 254]
  ...
  [254 254 254]
  [254 254 254]
  [254 254 254]]

 ...

 [[255 255 255]
  [255 255 255]
  [254 254 254]
  ...
  [255 255 255]
  [255 255 255]
  [255 255 255]]

 [[255 255 255]
  [255 255 255]
  [254 254 254]
  ...
  [254 254 254]
  [254 254 254]
  [255 255 255]]

 [[254 254 254]
  [255 255 255]
  [254 254 254]
  ...
  [254 254 254]
  [254 254 254]
  [255 255 255]]]"
77,freshly,Pacific & Blue Pack,Rutina básica para pieles mixtas y grasas,"59,00 €",,4.8,58 opiniones,"[[[255 255 255]
  [255 255 255]
  [255 255 255]
  ...
  [255 255 255]
  [255 255 255]
  [255 255 255]]

 [[255 255 255]
  [255 255 255]
  [255 255 255]
  ...
  [255 255 255]
  [255 255 255]
  [255 255 255]]

 [[255 255 255]
  [255 255 255]
  [255 255 255]
  ...
  [255 255 255]
  [255 255 255]
  [255 255 255]]

 ...

 [[255 255 255]
  [255 255 255]
  [255 255 255]
  ...
  [255 255 255]
  [255 255 255]
  [255 255 255]]

 [[255 255 255]
  [255 255 255]
  [255 255 255]
  ...
  [255 255 255]
  [255 255 255]
  [255 255 255]]

 [[255 255 255]
  [255 255 255]
  [255 255 255]
  ...
  [255 255 255]
  [255 255 255]
  [255 255 255]]]"
78,freshly,Healthy Bronzing Loose Powder,Polvos bronceadores naturales,"22,00 €",,4.7,327 opiniones,"[[[255 255 255]
  [255 255 255]
  [255 255 255]
  ...
  [255 255 255]
  [255 255 255]
  [255 255 255]]

 [[255 255 255]
  [255 255 255]
  [255 255 255]
  ...
  [255 255 255]
  [255 255 255]
  [255 255 255]]

 [[255 255 255]
  [255 255 255]
  [255 255 255]
  ...
  [255 255 255]
  [255 255 255]
  [255 255 255]]

 ...

 [[255 255 255]
  [255 255 255]
  [255 255 255]
  ...
  [255 255 255]
  [255 255 255]
  [255 255 255]]

 [[255 255 255]
  [255 255 255]
  [255 255 255]
  ...
  [255 255 255]
  [255 255 255]
  [255 255 255]]

 [[255 255 255]
  [255 255 255]
  [255 255 255]
  ...
  [255 255 255]
  [255 255 255]
  [255 255 255]]]"
79,freshly,Powerful Body Trio,no_use,"72,00 €",,4.7,205 opiniones,"[[[255 255 255]
  [255 255 255]
  [255 255 255]
  ...
  [255 255 255]
  [255 255 255]
  [255 255 255]]

 [[255 255 255]
  [255 255 255]
  [255 255 255]
  ...
  [255 255 255]
  [255 255 255]
  [255 255 255]]

 [[255 255 255]
  [255 255 255]
  [255 255 255]
  ...
  [255 255 255]
  [255 255 255]
  [255 255 255]]

 ...

 [[255 255 255]
  [255 255 255]
  [255 255 255]
  ...
  [255 255 255]
  [255 255 255]
  [255 255 255]]

 [[255 255 255]
  [255 255 255]
  [255 255 255]
  ...
  [255 255 255]
  [255 255 255]
  [255 255 255]]

 [[255 255 255]
  [255 255 255]
  [255 255 255]
  ...
  [255 255 255]
  [255 255 255]
  [255 255 255]]]"
80,freshly,Soft Konjac Kids Sponge,Esponja konjac 100% natural,"6,00 €",,4.6,146 opiniones,"[[[254 254 254]
  [255 255 255]
  [254 254 254]
  ...
  [254 254 254]
  [254 254 254]
  [254 254 254]]

 [[255 255 255]
  [255 255 255]
  [254 254 254]
  ...
  [254 254 254]
  [255 255 255]
  [255 255 255]]

 [[254 254 254]
  [255 255 255]
  [254 254 254]
  ...
  [254 254 254]
  [254 254 254]
  [254 254 254]]

 ...

 [[255 255 255]
  [255 255 255]
  [254 254 254]
  ...
  [255 255 255]
  [255 255 255]
  [255 255 255]]

 [[255 255 255]
  [255 255 255]
  [254 254 254]
  ...
  [254 254 254]
  [254 254 254]
  [255 255 255]]

 [[254 254 254]
  [255 255 255]
  [254 254 254]
  ...
  [254 254 254]
  [254 254 254]
  [255 255 255]]]"
81,freshly,Body Essentials Pack,no_use,"46,00 €",,4.7,69 opiniones,"[[[255 255 255]
  [255 255 255]
  [255 255 255]
  ...
  [255 255 255]
  [255 255 255]
  [255 255 255]]

 [[255 255 255]
  [255 255 255]
  [255 255 255]
  ...
  [255 255 255]
  [255 255 255]
  [255 255 255]]

 [[255 255 255]
  [255 255 255]
  [255 255 255]
  ...
  [255 255 255]
  [255 255 255]
  [255 255 255]]

 ...

 [[255 255 255]
  [255 255 255]
  [255 255 255]
  ...
  [255 255 255]
  [255 255 255]
  [255 255 255]]

 [[255 255 255]
  [255 255 255]
  [255 255 255]
  ...
  [255 255 255]
  [255 255 255]
  [255 255 255]]

 [[255 255 255]
  [255 255 255]
  [255 255 255]
  ...
  [255 255 255]
  [255 255 255]
  [255 255 255]]]"
82,freshly,Dream Peach Body Oil,Aceite corporal infantil,"22,00 €",,4.5,150 opiniones,"[[[254 254 254]
  [255 255 255]
  [254 254 254]
  ...
  [254 254 254]
  [254 254 254]
  [254 254 254]]

 [[255 255 255]
  [255 255 255]
  [254 254 254]
  ...
  [254 254 254]
  [255 255 255]
  [255 255 255]]

 [[254 254 254]
  [255 255 255]
  [254 254 254]
  ...
  [254 254 254]
  [254 254 254]
  [254 254 254]]

 ...

 [[255 255 255]
  [255 255 255]
  [254 254 254]
  ...
  [255 255 255]
  [255 255 255]
  [255 255 255]]

 [[255 255 255]
  [255 255 255]
  [254 254 254]
  ...
  [254 254 254]
  [254 254 254]
  [255 255 255]]

 [[254 254 254]
  [255 255 255]
  [254 254 254]
  ...
  [254 254 254]
  [254 254 254]
  [255 255 255]]]"
83,freshly,Newborn Pack,no_use,"59,00 €",,4.9,30 opiniones,"[[[254 254 254]
  [255 255 255]
  [254 254 254]
  ...
  [254 254 254]
  [254 254 254]
  [254 254 254]]

 [[255 255 255]
  [255 255 255]
  [254 254 254]
  ...
  [254 254 254]
  [255 255 255]
  [255 255 255]]

 [[254 254 254]
  [255 255 255]
  [254 254 254]
  ...
  [254 254 254]
  [254 254 254]
  [254 254 254]]

 ...

 [[255 255 255]
  [255 255 255]
  [255 255 255]
  ...
  [255 255 255]
  [255 255 255]
  [255 255 255]]

 [[255 255 255]
  [255 255 255]
  [254 254 254]
  ...
  [254 254 254]
  [254 254 254]
  [255 255 255]]

 [[254 254 254]
  [255 255 255]
  [254 254 254]
  ...
  [254 254 254]
  [254 254 254]
  [255 255 255]]]"
84,freshly,Pure Freshness Toothpaste,Pasta de dientes menta con envase cartón sostenible,"6,50 €",,4.4,269 opiniones,"[[[255 255 255]
  [255 255 255]
  [255 255 255]
  ...
  [255 255 255]
  [255 255 255]
  [255 255 255]]

 [[255 255 255]
  [255 255 255]
  [255 255 255]
  ...
  [255 255 255]
  [255 255 255]
  [255 255 255]]

 [[255 255 255]
  [255 255 255]
  [255 255 255]
  ...
  [255 255 255]
  [255 255 255]
  [255 255 255]]

 ...

 [[255 255 255]
  [255 255 255]
  [255 255 255]
  ...
  [255 255 255]
  [255 255 255]
  [255 255 255]]

 [[255 255 255]
  [255 255 255]
  [255 255 255]
  ...
  [255 255 255]
  [255 255 255]
  [255 255 255]]

 [[255 255 255]
  [255 255 255]
  [255 255 255]
  ...
  [255 255 255]
  [255 255 255]
  [255 255 255]]]"
85,freshly,Instant Radiance Lip Gloss,no_use,"15,00 €",,4.7,184 opiniones,"[[[255 255 255]
  [255 255 255]
  [255 255 255]
  ...
  [255 255 255]
  [255 255 255]
  [255 255 255]]

 [[255 255 255]
  [255 255 255]
  [255 255 255]
  ...
  [255 255 255]
  [255 255 255]
  [255 255 255]]

 [[255 255 255]
  [255 255 255]
  [255 255 255]
  ...
  [255 255 255]
  [255 255 255]
  [255 255 255]]

 ...

 [[255 255 255]
  [255 255 255]
  [255 255 255]
  ...
  [255 255 255]
  [255 255 255]
  [255 255 255]]

 [[255 255 255]
  [255 255 255]
  [255 255 255]
  ...
  [255 255 255]
  [255 255 255]
  [255 255 255]]

 [[255 255 255]
  [255 255 255]
  [255 255 255]
  ...
  [255 255 255]
  [255 255 255]
  [255 255 255]]]"
86,freshly,Pure Freshness Pack,no_use,"9,00 €",,4.3,146 opiniones,"[[[255 255 255]
  [255 255 255]
  [255 255 255]
  ...
  [255 255 255]
  [255 255 255]
  [255 255 255]]

 [[255 255 255]
  [255 255 255]
  [255 255 255]
  ...
  [255 255 255]
  [255 255 255]
  [255 255 255]]

 [[255 255 255]
  [255 255 255]
  [255 255 255]
  ...
  [255 255 255]
  [255 255 255]
  [255 255 255]]

 ...

 [[255 255 255]
  [255 255 255]
  [255 255 255]
  ...
  [255 255 255]
  [255 255 255]
  [255 255 255]]

 [[255 255 255]
  [255 255 255]
  [255 255 255]
  ...
  [255 255 255]
  [255 255 255]
  [255 255 255]]

 [[255 255 255]
  [255 255 255]
  [255 255 255]
  ...
  [255 255 255]
  [255 255 255]
  [255 255 255]]]"
87,freshly,Rosacea Treatment Pack,Pack para reducir los signos de la rosácea,"75,00 €",,4.2,33 opiniones,"[[[255 255 255]
  [255 255 255]
  [255 255 255]
  ...
  [255 255 255]
  [255 255 255]
  [255 255 255]]

 [[255 255 255]
  [255 255 255]
  [255 255 255]
  ...
  [255 255 255]
  [255 255 255]
  [255 255 255]]

 [[255 255 255]
  [255 255 255]
  [255 255 255]
  ...
  [255 255 255]
  [255 255 255]
  [255 255 255]]

 ...

 [[255 255 255]
  [255 255 255]
  [255 255 255]
  ...
  [255 255 255]
  [255 255 255]
  [255 255 255]]

 [[255 255 255]
  [255 255 255]
  [255 255 255]
  ...
  [255 255 255]
  [255 255 255]
  [255 255 255]]

 [[255 255 255]
  [255 255 255]
  [255 255 255]
  ...
  [255 255 255]
  [255 255 255]
  [255 255 255]]]"
88,freshly,Bronzing Brush Pack,no_use,"32,00 €",,4.8,187 opiniones,"[[[254 254 254]
  [255 255 255]
  [254 254 254]
  ...
  [254 254 254]
  [254 254 254]
  [254 254 254]]

 [[255 255 255]
  [255 255 255]
  [254 254 254]
  ...
  [254 254 254]
  [255 255 255]
  [255 255 255]]

 [[254 254 254]
  [255 255 255]
  [254 254 254]
  ...
  [254 254 254]
  [254 254 254]
  [254 254 254]]

 ...

 [[255 255 255]
  [255 255 255]
  [254 254 254]
  ...
  [255 255 255]
  [255 255 255]
  [255 255 255]]

 [[255 255 255]
  [255 255 255]
  [254 254 254]
  ...
  [254 254 254]
  [254 254 254]
  [255 255 255]]

 [[254 254 254]
  [255 255 255]
  [254 254 254]
  ...
  [254 254 254]
  [254 254 254]
  [255 255 255]]]"
89,freshly,Healthy Protection Facial Sunscreen,Crema solar facial natural,"35,00 €",,4.4,416 opiniones,"[[[255 255 255]
  [255 255 255]
  [255 255 255]
  ...
  [255 255 255]
  [255 255 255]
  [255 255 255]]

 [[255 255 255]
  [255 255 255]
  [255 255 255]
  ...
  [255 255 255]
  [255 255 255]
  [255 255 255]]

 [[255 255 255]
  [255 255 255]
  [255 255 255]
  ...
  [255 255 255]
  [255 255 255]
  [255 255 255]]

 ...

 [[255 255 255]
  [255 255 255]
  [255 255 255]
  ...
  [255 255 255]
  [255 255 255]
  [255 255 255]]

 [[255 255 255]
  [255 255 255]
  [255 255 255]
  ...
  [255 255 255]
  [255 255 255]
  [255 255 255]]

 [[255 255 255]
  [255 255 255]
  [255 255 255]
  ...
  [255 255 255]
  [255 255 255]
  [255 255 255]]]"
90,freshly,Happy Avocado Diaper Cream,Crema de pañal 100% natural,"16,00 €",,4.5,91 opiniones,"[[[254 254 254]
  [255 255 255]
  [254 254 254]
  ...
  [254 254 254]
  [254 254 254]
  [254 254 254]]

 [[255 255 255]
  [255 255 255]
  [254 254 254]
  ...
  [254 254 254]
  [255 255 255]
  [255 255 255]]

 [[254 254 254]
  [255 255 255]
  [254 254 254]
  ...
  [254 254 254]
  [254 254 254]
  [254 254 254]]

 ...

 [[255 255 255]
  [255 255 255]
  [254 254 254]
  ...
  [255 255 255]
  [255 255 255]
  [255 255 255]]

 [[255 255 255]
  [255 255 255]
  [254 254 254]
  ...
  [254 254 254]
  [254 254 254]
  [255 255 255]]

 [[254 254 254]
  [255 255 255]
  [254 254 254]
  ...
  [254 254 254]
  [254 254 254]
  [255 255 255]]]"
91,freshly,Fresh Berry Toothbrush,no_use,"4,00 €",,4.3,57 opiniones,"[[[254 254 254]
  [255 255 255]
  [254 254 254]
  ...
  [254 254 254]
  [254 254 254]
  [254 254 254]]

 [[255 255 255]
  [255 255 255]
  [254 254 254]
  ...
  [254 254 254]
  [255 255 255]
  [255 255 255]]

 [[254 254 254]
  [255 255 255]
  [254 254 254]
  ...
  [254 254 254]
  [254 254 254]
  [254 254 254]]

 ...

 [[255 255 255]
  [255 255 255]
  [254 254 254]
  ...
  [255 255 255]
  [255 255 255]
  [255 255 255]]

 [[255 255 255]
  [255 255 255]
  [254 254 254]
  ...
  [254 254 254]
  [254 254 254]
  [255 255 255]]

 [[254 254 254]
  [255 255 255]
  [254 254 254]
  ...
  [254 254 254]
  [254 254 254]
  [255 255 255]]]"
92,freshly,Eyeshadow Beauty Brush Pack,no_use,"19,00 €",,5,20 opiniones,"[[[255 255 255]
  [255 255 255]
  [255 255 255]
  ...
  [255 255 255]
  [255 255 255]
  [255 255 255]]

 [[255 255 255]
  [255 255 255]
  [255 255 255]
  ...
  [255 255 255]
  [255 255 255]
  [255 255 255]]

 [[255 255 255]
  [255 255 255]
  [255 255 255]
  ...
  [255 255 255]
  [255 255 255]
  [255 255 255]]

 ...

 [[255 255 255]
  [255 255 255]
  [255 255 255]
  ...
  [255 255 255]
  [255 255 255]
  [255 255 255]]

 [[255 255 255]
  [255 255 255]
  [255 255 255]
  ...
  [255 255 255]
  [255 255 255]
  [255 255 255]]

 [[255 255 255]
  [255 255 255]
  [255 255 255]
  ...
  [255 255 255]
  [255 255 255]
  [255 255 255]]]"
93,freshly,Facial Antiox Plan,no_use,"82,00 €",,4.7,266 opiniones,"[[[255 255 255]
  [255 255 255]
  [255 255 255]
  ...
  [255 255 255]
  [255 255 255]
  [255 255 255]]

 [[255 255 255]
  [255 255 255]
  [255 255 255]
  ...
  [255 255 255]
  [255 255 255]
  [255 255 255]]

 [[255 255 255]
  [255 255 255]
  [255 255 255]
  ...
  [255 255 255]
  [255 255 255]
  [255 255 255]]

 ...

 [[255 255 255]
  [255 255 255]
  [255 255 255]
  ...
  [255 255 255]
  [255 255 255]
  [255 255 255]]

 [[255 255 255]
  [255 255 255]
  [255 255 255]
  ...
  [255 255 255]
  [255 255 255]
  [255 255 255]]

 [[255 255 255]
  [255 255 255]
  [255 255 255]
  ...
  [255 255 255]
  [255 255 255]
  [255 255 255]]]"
94,freshly,Lip Lip Hurray,Pintalabios + Brillo de labios,"27,00 €",,4.5,560 opiniones,"[[[255 255 255]
  [255 255 255]
  [255 255 255]
  ...
  [255 255 255]
  [255 255 255]
  [255 255 255]]

 [[255 255 255]
  [255 255 255]
  [255 255 255]
  ...
  [255 255 255]
  [255 255 255]
  [255 255 255]]

 [[255 255 255]
  [255 255 255]
  [255 255 255]
  ...
  [255 255 255]
  [255 255 255]
  [255 255 255]]

 ...

 [[255 255 255]
  [255 255 255]
  [255 255 255]
  ...
  [255 255 255]
  [255 255 255]
  [255 255 255]]

 [[255 255 255]
  [255 255 255]
  [255 255 255]
  ...
  [255 255 255]
  [255 255 255]
  [255 255 255]]

 [[255 255 255]
  [255 255 255]
  [255 255 255]
  ...
  [255 255 255]
  [255 255 255]
  [255 255 255]]]"
95,freshly,Kids Protection Sunscreen,Crema solar para niños 100% natural,"19,00 €",,4.6,600 opiniones,"[[[255 255 255]
  [255 255 255]
  [255 255 255]
  ...
  [255 255 255]
  [255 255 255]
  [255 255 255]]

 [[255 255 255]
  [255 255 255]
  [255 255 255]
  ...
  [255 255 255]
  [255 255 255]
  [255 255 255]]

 [[255 255 255]
  [255 255 255]
  [255 255 255]
  ...
  [255 255 255]
  [255 255 255]
  [255 255 255]]

 ...

 [[255 255 255]
  [255 255 255]
  [255 255 255]
  ...
  [255 255 255]
  [255 255 255]
  [255 255 255]]

 [[255 255 255]
  [255 255 255]
  [255 255 255]
  ...
  [255 255 255]
  [255 255 255]
  [255 255 255]]

 [[255 255 255]
  [255 255 255]
  [255 255 255]
  ...
  [255 255 255]
  [255 255 255]
  [255 255 255]]]"
96,freshly,Sweet Body Pack,Crema corporal hidratante y aceite corporal,"39,00 €",,4.8,82 opiniones,"[[[255 255 255]
  [255 255 255]
  [255 255 255]
  ...
  [255 255 255]
  [255 255 255]
  [255 255 255]]

 [[255 255 255]
  [255 255 255]
  [255 255 255]
  ...
  [255 255 255]
  [255 255 255]
  [255 255 255]]

 [[255 255 255]
  [255 255 255]
  [255 255 255]
  ...
  [255 255 255]
  [255 255 255]
  [255 255 255]]

 ...

 [[255 255 255]
  [255 255 255]
  [255 255 255]
  ...
  [255 255 255]
  [255 255 255]
  [255 255 255]]

 [[255 255 255]
  [255 255 255]
  [255 255 255]
  ...
  [255 255 255]
  [255 255 255]
  [255 255 255]]

 [[255 255 255]
  [255 255 255]
  [255 255 255]
  ...
  [255 255 255]
  [255 255 255]
  [255 255 255]]]"
97,freshly,Healthy Protection Body Sunscreen,Crema solar natural corporal,"29,00 €",,4.3,160 opiniones,"[[[254 254 254]
  [255 255 255]
  [254 254 254]
  ...
  [254 254 254]
  [254 254 254]
  [254 254 254]]

 [[255 255 255]
  [255 255 255]
  [254 254 254]
  ...
  [254 254 254]
  [255 255 255]
  [255 255 255]]

 [[254 254 254]
  [255 255 255]
  [254 254 254]
  ...
  [254 254 254]
  [254 254 254]
  [254 254 254]]

 ...

 [[255 255 255]
  [255 255 255]
  [254 254 254]
  ...
  [255 255 255]
  [255 255 255]
  [255 255 255]]

 [[255 255 255]
  [255 255 255]
  [254 254 254]
  ...
  [254 254 254]
  [254 254 254]
  [255 255 255]]

 [[254 254 254]
  [255 255 255]
  [254 254 254]
  ...
  [254 254 254]
  [254 254 254]
  [255 255 255]]]"
98,freshly,Healthy Protection Pack,no_use,"59,00 €",,4.3,159 opiniones,"[[[255 255 255]
  [255 255 255]
  [255 255 255]
  ...
  [255 255 255]
  [255 255 255]
  [255 255 255]]

 [[255 255 255]
  [255 255 255]
  [255 255 255]
  ...
  [255 255 255]
  [255 255 255]
  [255 255 255]]

 [[255 255 255]
  [255 255 255]
  [255 255 255]
  ...
  [255 255 255]
  [255 255 255]
  [255 255 255]]

 ...

 [[255 255 255]
  [255 255 255]
  [255 255 255]
  ...
  [255 255 255]
  [255 255 255]
  [255 255 255]]

 [[255 255 255]
  [255 255 255]
  [255 255 255]
  ...
  [255 255 255]
  [255 255 255]
  [255 255 255]]

 [[255 255 255]
  [255 255 255]
  [255 255 255]
  ...
  [255 255 255]
  [255 255 255]
  [255 255 255]]]"
99,freshly,Face Beauty Brush,no_use,"15,00 €",,4.8,56 opiniones,"[[[255 255 255]
  [255 255 255]
  [255 255 255]
  ...
  [255 255 255]
  [255 255 255]
  [255 255 255]]

 [[255 255 255]
  [255 255 255]
  [255 255 255]
  ...
  [255 255 255]
  [255 255 255]
  [255 255 255]]

 [[255 255 255]
  [255 255 255]
  [255 255 255]
  ...
  [255 255 255]
  [255 255 255]
  [255 255 255]]

 ...

 [[255 255 255]
  [255 255 255]
  [255 255 255]
  ...
  [255 255 255]
  [255 255 255]
  [255 255 255]]

 [[255 255 255]
  [255 255 255]
  [255 255 255]
  ...
  [255 255 255]
  [255 255 255]
  [255 255 255]]

 [[255 255 255]
  [255 255 255]
  [255 255 255]
  ...
  [255 255 255]
  [255 255 255]
  [255 255 255]]]"
100,freshly,Blending Eyeshadow Brush,no_use,"10,00 €",,4.8,11 opiniones,"[[[255 255 255]
  [255 255 255]
  [255 255 255]
  ...
  [255 255 255]
  [255 255 255]
  [255 255 255]]

 [[255 255 255]
  [255 255 255]
  [255 255 255]
  ...
  [255 255 255]
  [255 255 255]
  [255 255 255]]

 [[255 255 255]
  [255 255 255]
  [255 255 255]
  ...
  [255 255 255]
  [255 255 255]
  [255 255 255]]

 ...

 [[255 255 255]
  [255 255 255]
  [255 255 255]
  ...
  [255 255 255]
  [255 255 255]
  [255 255 255]]

 [[255 255 255]
  [255 255 255]
  [255 255 255]
  ...
  [255 255 255]
  [255 255 255]
  [255 255 255]]

 [[255 255 255]
  [255 255 255]
  [255 255 255]
  ...
  [255 255 255]
  [255 255 255]
  [255 255 255]]]"
101,freshly,Flat Eyeshadow Brush,no_use,"12,00 €",,4.8,3 opiniones,"[[[255 255 255]
  [255 255 255]
  [255 255 255]
  ...
  [255 255 255]
  [255 255 255]
  [255 255 255]]

 [[255 255 255]
  [255 255 255]
  [255 255 255]
  ...
  [255 255 255]
  [255 255 255]
  [255 255 255]]

 [[255 255 255]
  [255 255 255]
  [255 255 255]
  ...
  [255 255 255]
  [255 255 255]
  [255 255 255]]

 ...

 [[255 255 255]
  [255 255 255]
  [255 255 255]
  ...
  [255 255 255]
  [255 255 255]
  [255 255 255]]

 [[255 255 255]
  [255 255 255]
  [255 255 255]
  ...
  [255 255 255]
  [255 255 255]
  [255 255 255]]

 [[255 255 255]
  [255 255 255]
  [255 255 255]
  ...
  [255 255 255]
  [255 255 255]
  [255 255 255]]]"
102,freshly,Glow Foundation & Concealer Pack,Pack corrector y base luminosa,"35,00 €",,4.6,900 opiniones,"[[[255 255 255]
  [255 255 255]
  [255 255 255]
  ...
  [255 255 255]
  [255 255 255]
  [255 255 255]]

 [[255 255 255]
  [255 255 255]
  [255 255 255]
  ...
  [255 255 255]
  [255 255 255]
  [255 255 255]]

 [[255 255 255]
  [255 255 255]
  [255 255 255]
  ...
  [255 255 255]
  [255 255 255]
  [255 255 255]]

 ...

 [[255 255 255]
  [255 255 255]
  [255 255 255]
  ...
  [255 255 255]
  [255 255 255]
  [255 255 255]]

 [[255 255 255]
  [255 255 255]
  [255 255 255]
  ...
  [255 255 255]
  [255 255 255]
  [255 255 255]]

 [[255 255 255]
  [255 255 255]
  [255 255 255]
  ...
  [255 255 255]
  [255 255 255]
  [255 255 255]]]"
103,freshly,Satin Foundation & Concealer Pack,no_use,"35,00 €",,4.5,1160 opiniones,"[[[255 255 255]
  [255 255 255]
  [255 255 255]
  ...
  [255 255 255]
  [255 255 255]
  [255 255 255]]

 [[255 255 255]
  [255 255 255]
  [255 255 255]
  ...
  [255 255 255]
  [255 255 255]
  [255 255 255]]

 [[255 255 255]
  [255 255 255]
  [255 255 255]
  ...
  [255 255 255]
  [255 255 255]
  [255 255 255]]

 ...

 [[255 255 255]
  [255 255 255]
  [255 255 255]
  ...
  [255 255 255]
  [255 255 255]
  [255 255 255]]

 [[255 255 255]
  [255 255 255]
  [255 255 255]
  ...
  [255 255 255]
  [255 255 255]
  [255 255 255]]

 [[255 255 255]
  [255 255 255]
  [255 255 255]
  ...
  [255 255 255]
  [255 255 255]
  [255 255 255]]]"
104,freshly,Ready Steady Pack,Pack para un maquillaje luminoso,"39,00 €",,4.7,1291 opiniones,"[[[255 255 255]
  [255 255 255]
  [255 255 255]
  ...
  [255 255 255]
  [255 255 255]
  [255 255 255]]

 [[255 255 255]
  [255 255 255]
  [255 255 255]
  ...
  [255 255 255]
  [255 255 255]
  [255 255 255]]

 [[255 255 255]
  [255 255 255]
  [255 255 255]
  ...
  [255 255 255]
  [255 255 255]
  [255 255 255]]

 ...

 [[255 255 255]
  [255 255 255]
  [255 255 255]
  ...
  [255 255 255]
  [255 255 255]
  [255 255 255]]

 [[255 255 255]
  [255 255 255]
  [255 255 255]
  ...
  [255 255 255]
  [255 255 255]
  [255 255 255]]

 [[255 255 255]
  [255 255 255]
  [255 255 255]
  ...
  [255 255 255]
  [255 255 255]
  [255 255 255]]]"
105,freshly,Must have pack,Iluminador + labial,"27,00 €",,4.5,937 opiniones,"[[[255 255 255]
  [255 255 255]
  [255 255 255]
  ...
  [255 255 255]
  [255 255 255]
  [255 255 255]]

 [[255 255 255]
  [255 255 255]
  [255 255 255]
  ...
  [255 255 255]
  [255 255 255]
  [255 255 255]]

 [[255 255 255]
  [255 255 255]
  [255 255 255]
  ...
  [255 255 255]
  [255 255 255]
  [255 255 255]]

 ...

 [[255 255 255]
  [255 255 255]
  [255 255 255]
  ...
  [255 255 255]
  [255 255 255]
  [255 255 255]]

 [[255 255 255]
  [255 255 255]
  [255 255 255]
  ...
  [255 255 255]
  [255 255 255]
  [255 255 255]]

 [[255 255 255]
  [255 255 255]
  [255 255 255]
  ...
  [255 255 255]
  [255 255 255]
  [255 255 255]]]"
106,freshly,Reusable Glass Water Bottle,no_use,"12,00 €",,4.7,54 opiniones,"[[[254 254 254]
  [255 255 255]
  [254 254 254]
  ...
  [254 254 254]
  [254 254 254]
  [254 254 254]]

 [[255 255 255]
  [255 255 255]
  [254 254 254]
  ...
  [254 254 254]
  [255 255 255]
  [255 255 255]]

 [[254 254 254]
  [255 255 255]
  [254 254 254]
  ...
  [254 254 254]
  [254 254 254]
  [254 254 254]]

 ...

 [[255 255 255]
  [255 255 255]
  [254 254 254]
  ...
  [255 255 255]
  [255 255 255]
  [255 255 255]]

 [[255 255 255]
  [255 255 255]
  [254 254 254]
  ...
  [254 254 254]
  [254 254 254]
  [255 255 255]]

 [[254 254 254]
  [255 255 255]
  [254 254 254]
  ...
  [254 254 254]
  [254 254 254]
  [255 255 255]]]"
107,freshly,Tote Bag Planet First,Bolsa de tela de algodón orgánico,"9,00 €",,4.7,28 opiniones,"[[[254 254 254]
  [255 255 255]
  [254 254 254]
  ...
  [254 254 254]
  [254 254 254]
  [254 254 254]]

 [[255 255 255]
  [255 255 255]
  [254 254 254]
  ...
  [254 254 254]
  [255 255 255]
  [255 255 255]]

 [[254 254 254]
  [255 255 255]
  [254 254 254]
  ...
  [254 254 254]
  [254 254 254]
  [254 254 254]]

 ...

 [[255 255 255]
  [255 255 255]
  [254 254 254]
  ...
  [255 255 255]
  [255 255 255]
  [255 255 255]]

 [[255 255 255]
  [255 255 255]
  [254 254 254]
  ...
  [254 254 254]
  [254 254 254]
  [255 255 255]]

 [[254 254 254]
  [255 255 255]
  [254 254 254]
  ...
  [254 254 254]
  [254 254 254]
  [255 255 255]]]"
108,freshly,Freshly Fan's Bag,Neceser de tela de algodón,"18,00 €",,4.8,77 opiniones,"[[[254 254 254]
  [255 255 255]
  [254 254 254]
  ...
  [254 254 254]
  [254 254 254]
  [254 254 254]]

 [[255 255 255]
  [255 255 255]
  [254 254 254]
  ...
  [254 254 254]
  [255 255 255]
  [255 255 255]]

 [[254 254 254]
  [255 255 255]
  [254 254 254]
  ...
  [254 254 254]
  [254 254 254]
  [254 254 254]]

 ...

 [[255 255 255]
  [255 255 255]
  [254 254 254]
  ...
  [255 255 255]
  [255 255 255]
  [255 255 255]]

 [[255 255 255]
  [255 255 255]
  [254 254 254]
  ...
  [254 254 254]
  [254 254 254]
  [255 255 255]]

 [[254 254 254]
  [255 255 255]
  [254 254 254]
  ...
  [254 254 254]
  [254 254 254]
  [255 255 255]]]"
109,freshly,Makeup Essentials Pack,Rutina de maquillaje básica,"72,00 €",,4.6,2236 opiniones,"[[[255 255 255]
  [255 255 255]
  [255 255 255]
  ...
  [255 255 255]
  [255 255 255]
  [255 255 255]]

 [[255 255 255]
  [255 255 255]
  [255 255 255]
  ...
  [255 255 255]
  [255 255 255]
  [255 255 255]]

 [[255 255 255]
  [255 255 255]
  [255 255 255]
  ...
  [255 255 255]
  [255 255 255]
  [255 255 255]]

 ...

 [[255 255 255]
  [255 255 255]
  [255 255 255]
  ...
  [255 255 255]
  [255 255 255]
  [255 255 255]]

 [[255 255 255]
  [255 255 255]
  [255 255 255]
  ...
  [255 255 255]
  [255 255 255]
  [255 255 255]]

 [[255 255 255]
  [255 255 255]
  [255 255 255]
  ...
  [255 255 255]
  [255 255 255]
  [255 255 255]]]"
110,freshly,Infinite Eyelash Mascara,Máscara de pestañas natural,"19,00 €",,4.2,618 opiniones,"[[[255 255 255]
  [255 255 255]
  [255 255 255]
  ...
  [255 255 255]
  [255 255 255]
  [255 255 255]]

 [[255 255 255]
  [255 255 255]
  [255 255 255]
  ...
  [255 255 255]
  [255 255 255]
  [255 255 255]]

 [[255 255 255]
  [255 255 255]
  [255 255 255]
  ...
  [255 255 255]
  [255 255 255]
  [255 255 255]]

 ...

 [[255 255 255]
  [255 255 255]
  [255 255 255]
  ...
  [255 255 255]
  [255 255 255]
  [255 255 255]]

 [[255 255 255]
  [255 255 255]
  [255 255 255]
  ...
  [255 255 255]
  [255 255 255]
  [255 255 255]]

 [[255 255 255]
  [255 255 255]
  [255 255 255]
  ...
  [255 255 255]
  [255 255 255]
  [255 255 255]]]"
111,freshly,Endless Eyelashes Pack,Pack para el cuidado de las pestañas,"49,00 €",,3.8,20 opiniones,"[[[255 255 255]
  [255 255 255]
  [255 255 255]
  ...
  [255 255 255]
  [255 255 255]
  [255 255 255]]

 [[255 255 255]
  [255 255 255]
  [255 255 255]
  ...
  [255 255 255]
  [255 255 255]
  [255 255 255]]

 [[255 255 255]
  [255 255 255]
  [255 255 255]
  ...
  [255 255 255]
  [255 255 255]
  [255 255 255]]

 ...

 [[255 255 255]
  [255 255 255]
  [255 255 255]
  ...
  [255 255 255]
  [255 255 255]
  [255 255 255]]

 [[255 255 255]
  [255 255 255]
  [255 255 255]
  ...
  [255 255 255]
  [255 255 255]
  [255 255 255]]

 [[255 255 255]
  [255 255 255]
  [255 255 255]
  ...
  [255 255 255]
  [255 255 255]
  [255 255 255]]]"
